rank,title,rating,show_type,episodes,run_time,member_count
1a,Fullmetal Alchemist: Brotherhood,9.10,TV,64,Apr 2009 - Jul 2010,3189241
2a,Steins;Gate,9.07,TV,24,Apr 2011 - Sep 2011,2450766
3a,Bleach: Sennen Kessen-hen,9.06,TV,13,Oct 2022 - Dec 2022,453838
4a,Gintama°,9.06,TV,51,Apr 2015 - Mar 2016,598754
5a,Kaguya-sama wa Kokurasetai: Ultra Romantic,9.05,TV,13,Apr 2022 - Jun 2022,830703
6a,Shingeki no Kyojin Season 3 Part 2,9.05,TV,10,Apr 2019 - Jul 2019,2116345
7a,Shingeki no Kyojin: The Final Season - Kanketsu-hen,9.04,Special,2,Mar 2023 - 2023,447707
8a,Gintama',9.04,TV,51,Apr 2011 - Mar 2012,528331
9a,Gintama: The Final,9.04,Movie,1,Jan 2021 - Jan 2021,134267
10a,Hunter x Hunter (2011),9.04,TV,148,Oct 2011 - Sep 2014,2670226
11a,Gintama': Enchousen,9.03,TV,13,Oct 2012 - Mar 2013,310530
12a,Ginga Eiyuu Densetsu,9.02,OVA,110,Jan 1988 - Mar 1997,306558
13a,Fruits Basket: The Final,9.00,TV,13,Apr 2021 - Jun 2021,434923
14a,Gintama.,8.98,TV,12,Jan 2017 - Mar 2017,299182
15a,Bleach: Sennen Kessen-hen - Ketsubetsu-tan,8.97,TV,13,Jul 2023 -,120904
16a,Gintama,8.94,TV,201,Apr 2006 - Mar 2010,1026592
17a,Koe no Katachi,8.94,Movie,1,Sep 2016 - Sep 2016,2204335
18a,3-gatsu no Lion 2nd Season,8.93,TV,22,Oct 2017 - Mar 2018,385120
19a,Clannad: After Story,8.93,TV,24,Oct 2008 - Mar 2009,1153384
20a,Code Geass: Hangyaku no Lelouch R2,8.91,TV,25,Apr 2008 - Sep 2008,1705942
21a,Gintama Movie 2: Kanketsu-hen - Yorozuya yo Eien Nare,8.91,Movie,1,Jul 2013 - Jul 2013,230341
22a,Violet Evergarden Movie,8.90,Movie,1,Sep 2020 - Sep 2020,552790
23a,Owarimonogatari 2nd Season,8.88,TV,7,Aug 2017 - Aug 2017,381941
24a,Gintama.: Shirogane no Tamashii-hen - Kouhan-sen,8.88,TV,14,Jul 2018 - Oct 2018,186885
25a,"""Oshi no Ko""",8.87,TV,11,Apr 2023 - Jun 2023,576771
26a,Monster,8.87,TV,74,Apr 2004 - Sep 2005,1021609
27a,Kaguya-sama wa Kokurasetai: First Kiss wa Owaranai,8.86,Movie,1,Dec 2022 - Dec 2022,189047
28a,Kimi no Na wa.,8.85,Movie,1,Aug 2016 - Aug 2016,2609313
29a,Vinland Saga Season 2,8.84,TV,24,Jan 2023 - Jun 2023,455847
30a,Bocchi the Rock!,8.84,TV,12,Oct 2022 - Dec 2022,438028
31a,Gintama.: Shirogane no Tamashii-hen,8.81,TV,12,Jan 2018 - Mar 2018,201284
32a,Kingdom 3rd Season,8.81,TV,26,Apr 2020 - Oct 2021,91853
33a,Mob Psycho 100 II,8.80,TV,13,Jan 2019 - Apr 2019,1440449
34a,Shingeki no Kyojin: The Final Season,8.80,TV,16,Dec 2020 - Mar 2021,1857786
35a,Kimetsu no Yaiba: Yuukaku-hen,8.79,TV,11,Dec 2021 - Feb 2022,1264025
36a,Kizumonogatari III: Reiketsu-hen,8.79,Movie,1,Jan 2017 - Jan 2017,441747
37a,Sen to Chihiro no Kamikakushi,8.78,Movie,1,Jul 2001 - Jul 2001,1768074
38a,Haikyuu!! Karasuno Koukou vs. Shiratorizawa Gakuen Koukou,8.78,TV,10,Oct 2016 - Dec 2016,1146320
39a,Monogatari Series: Second Season,8.77,TV,26,Jul 2013 - Dec 2013,649361
40a,Shingeki no Kyojin: The Final Season Part 2,8.77,TV,12,Jan 2022 - Apr 2022,1145102
41a,Hajime no Ippo,8.76,TV,75,Oct 2000 - Mar 2002,550301
42a,Cowboy Bebop,8.75,TV,26,Apr 1998 - Apr 1999,1778748
43a,Kingdom 4th Season,8.74,TV,26,Apr 2022 - Oct 2022,54146
44a,Vinland Saga,8.74,TV,24,Jul 2019 - Dec 2019,1372634
45a,Mushishi Zoku Shou 2nd Season,8.73,TV,10,Oct 2014 - Dec 2014,255507
46a,Shouwa Genroku Rakugo Shinjuu: Sukeroku Futatabi-hen,8.73,TV,12,Jan 2017 - Mar 2017,181151
47a,Mob Psycho 100 III,8.72,TV,12,Oct 2022 - Dec 2022,579621
48a,Shiguang Dailiren,8.72,ONA,11,Apr 2021 - Jul 2021,301986
49a,Rurouni Kenshin: Meiji Kenkaku Romantan - Tsuioku-hen,8.71,OVA,4,Feb 1999 - Sep 1999,269337
50a,86 Part 2,8.71,TV,12,Oct 2021 - Mar 2022,437519
51a,Ashita no Joe 2,8.71,TV,47,Oct 1980 - Aug 1981,48036
52a,Code Geass: Hangyaku no Lelouch,8.70,TV,25,Oct 2006 - Jul 2007,2159531
53a,Mushishi Zoku Shou,8.70,TV,10,Apr 2014 - Jun 2014,289191
54a,Mushoku Tensei: Isekai Ittara Honki Dasu Part 2,8.70,TV,12,Oct 2021 - Dec 2021,797528
55a,Odd Taxi,8.69,TV,13,Apr 2021 - Jun 2021,393040
56a,One Piece,8.69,TV,?,Oct 1999 -,2183719
57a,Great Teacher Onizuka,8.69,TV,43,Jun 1999 - Sep 2000,791202
58a,The First Slam Dunk,8.69,Movie,1,Dec 2022 - Dec 2022,20621
59a,Fate/stay night Movie: Heaven's Feel - III. Spring Song,8.68,Movie,1,Aug 2020 - Aug 2020,325641
60a,Jujutsu Kaisen 2nd Season,8.67,TV,23,Jul 2023 -,403300
61a,Mononoke Hime,8.67,Movie,1,Jul 1997 - Jul 1997,1195344
62a,Violet Evergarden,8.67,TV,13,Jan 2018 - Apr 2018,1685079
63a,Hajime no Ippo: New Challenger,8.66,TV,26,Jan 2009 - Jul 2009,269141
64a,Howl no Ugoku Shiro,8.66,Movie,1,Nov 2004 - Nov 2004,1260234
65a,Made in Abyss,8.66,TV,13,Jul 2017 - Sep 2017,1301065
66a,Made in Abyss: Retsujitsu no Ougonkyou,8.66,TV,12,Jul 2022 - Sep 2022,389724
67a,Mushishi,8.66,TV,26,Oct 2005 - Jun 2006,796587
68a,Mushoku Tensei II: Isekai Ittara Honki Dasu,8.66,TV,12,Jul 2023 -,262406
69a,Shigatsu wa Kimi no Uso,8.65,TV,22,Oct 2014 - Mar 2015,2119878
70a,Natsume Yuujinchou Shi,8.64,TV,13,Jan 2012 - Mar 2012,237059
71a,Jujutsu Kaisen,8.64,TV,24,Oct 2020 - Mar 2021,2273856
72a,Kaguya-sama wa Kokurasetai? Tensai-tachi no Renai Zunousen,8.64,TV,12,Apr 2020 - Jun 2020,1265462
73a,Haikyuu!! Second Season,8.63,TV,25,Oct 2015 - Mar 2016,1365973
74a,JoJo no Kimyou na Bouken Part 6: Stone Ocean Part 3,8.63,ONA,14,Dec 2022 - Dec 2022,154174
75a,Tengen Toppa Gurren Lagann,8.63,TV,27,Apr 2007 - Sep 2007,1552554
76a,Made in Abyss Movie 3: Fukaki Tamashii no Reimei,8.63,Movie,1,Jan 2020 - Jan 2020,426299
77a,Kimetsu no Yaiba Movie: Mugen Ressha-hen,8.62,Movie,1,Oct 2020 - Oct 2020,1414621
78a,Natsume Yuujinchou Roku,8.62,TV,11,Apr 2017 - Jun 2017,178522
79a,Ping Pong the Animation,8.62,TV,11,Apr 2014 - Jun 2014,376202
80a,Shingeki no Kyojin Season 3,8.62,TV,12,Jul 2018 - Oct 2018,2223912
81a,Death Note,8.62,TV,37,Oct 2006 - Jun 2007,3728067
82a,Cyberpunk: Edgerunners,8.61,ONA,10,Sep 2022 - Sep 2022,595022
83a,Spy x Family,8.61,TV,12,Apr 2022 - Jun 2022,1365260
84a,Suzumiya Haruhi no Shoushitsu,8.61,Movie,1,Feb 2010 - Feb 2010,591643
85a,Evangelion: 3.0+1.0 Thrice Upon a Time,8.60,Movie,1,Mar 2021 - Mar 2021,349033
86a,Seishun Buta Yarou wa Yumemiru Shoujo no Yume wo Minai,8.60,Movie,1,Jun 2019 - Jun 2019,669115
87a,Mushishi Zoku Shou: Suzu no Shizuku,8.59,Movie,1,May 2015 - May 2015,123562
88a,Hajime no Ippo: Rising,8.59,TV,25,Oct 2013 - Mar 2014,243049
89a,Chainsaw Man,8.58,TV,12,Oct 2022 - Dec 2022,1294230
90a,JoJo no Kimyou na Bouken Part 5: Ougon no Kaze,8.58,TV,39,Oct 2018 - Jul 2019,963479
91a,Ookami Kodomo no Ame to Yuki,8.58,Movie,1,Jul 2012 - Jul 2012,786079
92a,Kenpuu Denki Berserk,8.57,TV,25,Oct 1997 - Apr 1998,612291
93a,Kizumonogatari II: Nekketsu-hen,8.57,Movie,1,Aug 2016 - Aug 2016,426773
94a,Natsume Yuujinchou Go,8.57,TV,11,Oct 2016 - Dec 2016,177763
95a,Natsume Yuujinchou San,8.57,TV,13,Jul 2011 - Sep 2011,244258
96a,Shouwa Genroku Rakugo Shinjuu,8.57,TV,13,Jan 2016 - Apr 2016,282278
97a,Tengen Toppa Gurren Lagann Movie 2: Lagann-hen,8.57,Movie,1,Apr 2009 - Apr 2009,207809
98a,Yojouhan Shinwa Taikei,8.56,TV,11,Apr 2010 - Jul 2010,431103
99a,Kimi no Suizou wo Tabetai,8.56,Movie,1,Sep 2018 - Sep 2018,901464
100a,Mo Dao Zu Shi: Wanjie Pian,8.55,ONA,12,Aug 2021 - Oct 2021,73128
101a,Neon Genesis Evangelion: The End of Evangelion,8.55,Movie,1,Jul 1997 - Jul 1997,883900
102a,Zoku Natsume Yuujinchou,8.55,TV,13,Jan 2009 - Mar 2009,240472
103a,Fate/Zero 2nd Season,8.55,TV,12,Apr 2012 - Jun 2012,1078882
104a,Fruits Basket 2nd Season,8.55,TV,25,Apr 2020 - Sep 2020,473760
105a,Haikyuu!! To the Top Part 2,8.54,TV,12,Oct 2020 - Dec 2020,761289
106a,Nana,8.54,TV,47,Apr 2006 - Mar 2007,623072
107a,Ousama Ranking,8.54,TV,23,Oct 2021 - Mar 2022,583723
108a,Perfect Blue,8.54,Movie,1,Feb 1998 - Feb 1998,658815
109a,Shingeki no Kyojin,8.54,TV,25,Apr 2013 - Sep 2013,3759598
110a,Shoujo☆Kageki Revue Starlight Movie,8.54,Movie,1,Jun 2021 - Jun 2021,16486
111a,Slam Dunk,8.54,TV,101,Oct 1993 - Mar 1996,284693
112a,Mushishi: Hihamukage,8.53,Special,1,Jan 2014 - Jan 2014,133976
113a,Steins;Gate 0,8.53,TV,23,Apr 2018 - Sep 2018,833482
114a,Bakuman. 3rd Season,8.53,TV,25,Oct 2012 - Mar 2013,321938
115a,Yuru Camp△ Season 2,8.53,TV,13,Jan 2021 - Apr 2021,207599
116a,Kara no Kyoukai Movie 5: Mujun Rasen,8.52,Movie,1,Aug 2008 - Aug 2008,231564
117a,Karakai Jouzu no Takagi-san Movie,8.52,Movie,1,Jun 2022 - Jun 2022,60781
118a,Koukaku Kidoutai: Stand Alone Complex 2nd GIG,8.52,TV,26,Jan 2004 - Jan 2005,221338
119a,Sora yori mo Tooi Basho,8.52,TV,13,Jan 2018 - Mar 2018,481086
120a,Gintama Movie 1: Shinyaku Benizakura-hen,8.52,Movie,1,Apr 2010 - Apr 2010,157840
121a,Gintama.: Porori-hen,8.52,TV,13,Oct 2017 - Dec 2017,192205
122a,Hotaru no Haka,8.51,Movie,1,Apr 1988 - Apr 1988,640460
123a,Summertime Render,8.51,TV,25,Apr 2022 - Sep 2022,447353
124a,Yakusoku no Neverland,8.51,TV,12,Jan 2019 - Mar 2019,1874716
125a,Samurai Champloo,8.51,TV,26,May 2004 - Mar 2005,1191203
126a,Shingeki no Kyojin Season 2,8.51,TV,12,Apr 2017 - Jun 2017,2578373
127a,Kimetsu no Yaiba,8.50,TV,26,Apr 2019 - Sep 2019,2828706
128a,One Punch Man,8.50,TV,12,Oct 2015 - Dec 2015,3071085
129a,Fate/stay night Movie: Heaven's Feel - II. Lost Butterfly,8.50,Movie,1,Jan 2019 - Jan 2019,366779
130a,JoJo no Kimyou na Bouken Part 4: Diamond wa Kudakenai,8.50,TV,39,Apr 2016 - Dec 2016,1061701
131a,Ansatsu Kyoushitsu 2nd Season,8.49,TV,25,Jan 2016 - Jul 2016,1366357
132a,Mob Psycho 100,8.49,TV,12,Jul 2016 - Sep 2016,1965897
133a,Uchuu Kyoudai,8.49,TV,99,Apr 2012 - Mar 2014,187592
134a,Aria the Origination,8.48,TV,13,Jan 2008 - Apr 2008,124253
135a,Banana Fish,8.48,TV,24,Jul 2018 - Dec 2018,814612
136a,Rainbow: Nisha Rokubou no Shichinin,8.48,TV,26,Apr 2010 - Sep 2010,381879
137a,Road of Naruto,8.48,ONA,1,Oct 2022 - Oct 2022,27458
138a,Mahou Shoujo Madoka★Magica Movie 3: Hangyaku no Monogatari,8.47,Movie,1,Oct 2013 - Oct 2013,362855
139a,Chihayafuru 3,8.47,TV,24,Oct 2019 - Mar 2020,133354
140a,Gintama: The Semi-Final,8.47,Special,2,Jan 2021 - Jan 2021,69898
141a,Jujutsu Kaisen 0 Movie,8.47,Movie,1,Dec 2021 - Dec 2021,724072
142a,Yuru Camp△ Movie,8.46,Movie,1,Jul 2022 - Jul 2022,67142
143a,Yuu☆Yuu☆Hakusho,8.46,TV,112,Oct 1992 - Jan 1995,656706
144a,Nichijou,8.46,TV,26,Apr 2011 - Sep 2011,856223
145a,Kono Subarashii Sekai ni Shukufuku wo! Movie: Kurenai Densetsu,8.45,Movie,1,Aug 2019 - Aug 2019,729877
146a,Owarimonogatari,8.45,TV,12,Oct 2015 - Dec 2015,463183
147a,Steins;Gate Movie: Fuka Ryouiki no Déjà vu,8.45,Movie,1,Apr 2013 - Apr 2013,573683
148a,Bungou Stray Dogs 4th Season,8.45,TV,13,Jan 2023 - Mar 2023,232239
149a,Fruits Basket: Prelude,8.45,Movie,1,Feb 2022 - Feb 2022,92879
150a,Golden Kamuy 3rd Season,8.45,TV,12,Oct 2020 - Dec 2020,155130
151a,Zoku Owarimonogatari,8.45,Movie,6,Nov 2018 - Nov 2018,215470
152a,Re:Zero kara Hajimeru Isekai Seikatsu 2nd Season Part 2,8.44,TV,12,Jan 2021 - Mar 2021,824088
153a,Haikyuu!!,8.44,TV,25,Apr 2014 - Sep 2014,1878129
154a,JoJo no Kimyou na Bouken Part 3: Stardust Crusaders 2nd Season,8.44,TV,24,Jan 2015 - Jun 2015,1054601
155a,Gintama: Yorinuki Gintama-san on Theater 2D,8.43,Movie,2,Aug 2012 - Aug 2012,42691
156a,Grand Blue,8.43,TV,12,Jul 2018 - Sep 2018,734651
157a,Karakai Jouzu no Takagi-san 3,8.43,TV,12,Jan 2022 - Mar 2022,172520
158a,Mononoke,8.43,TV,12,Jul 2007 - Sep 2007,310614
159a,Mushishi Zoku Shou: Odoro no Michi,8.43,Special,1,Aug 2014 - Aug 2014,97167
160a,Saenai Heroine no Sodatekata Fine,8.43,Movie,1,Oct 2019 - Oct 2019,173547
161a,Kono Oto Tomare! Part 2,8.42,TV,13,Oct 2019 - Dec 2019,165153
162a,Koukaku Kidoutai: Stand Alone Complex,8.42,TV,26,Oct 2002 - Oct 2003,385932
163a,Mo Dao Zu Shi,8.42,ONA,15,Jul 2018 - Oct 2018,218966
164a,Saiki Kusuo no Ψ-nan,8.42,TV,120,Jul 2016 - Dec 2016,1042104
165a,Saiki Kusuo no Ψ-nan 2,8.42,TV,24,Jan 2018 - Jun 2018,607531
166a,Zom 100: Zombie ni Naru made ni Shitai 100 no Koto,8.43,TV,12,Jul 2023 -,119233
167a,Suzume no Tojimari,8.41,Movie,1,Nov 2022 - Nov 2022,236662
168a,Violet Evergarden Gaiden: Eien to Jidou Shuki Ningyou,8.41,Movie,1,Sep 2019 - Sep 2019,393385
169a,Vivy: Fluorite Eye's Song,8.41,TV,13,Apr 2021 - Jun 2021,500340
170a,Natsume Yuujinchou Movie: Utsusemi ni Musubu,8.41,Movie,1,Sep 2018 - Sep 2018,68077
171a,Shingeki no Kyojin: Kuinaki Sentaku,8.41,OVA,2,Dec 2014 - Apr 2015,490735
172a,Hunter x Hunter,8.41,TV,62,Oct 1999 - Mar 2001,566835
173a,Josee to Tora to Sakana-tachi,8.41,Movie,1,Dec 2020 - Dec 2020,384800
174a,Kaguya-sama wa Kokurasetai: Tensai-tachi no Renai Zunousen,8.41,TV,12,Jan 2019 - Mar 2019,1642034
175a,Gintama°: Aizome Kaori-hen,8.40,OVA,2,Aug 2016 - Nov 2016,81956
176a,Major S5,8.40,TV,25,Jan 2009 - Jun 2009,69066
177a,Mo Dao Zu Shi: Xian Yun Pian,8.40,ONA,8,Aug 2019 - Sep 2019,99023
178a,Natsume Yuujinchou Roku Specials,8.40,Special,2,Sep 2017 - Oct 2017,44534
179a,Sayonara no Asa ni Yakusoku no Hana wo Kazarou,8.40,Movie,1,Feb 2018 - Feb 2018,405855
180a,Kara no Kyoukai Movie 7: Satsujin Kousatsu (Go),8.39,Movie,1,Aug 2009 - Aug 2009,201088
181a,Kaze ga Tsuyoku Fuiteiru,8.39,TV,23,Oct 2018 - Mar 2019,286542
182a,Kimetsu no Yaiba: Mugen Ressha-hen,8.39,TV,7,Oct 2021 - Nov 2021,645259
183a,Tensei shitara Slime Datta Ken 2nd Season,8.39,TV,12,Jan 2021 - Mar 2021,880545
184a,Houseki no Kuni,8.39,TV,12,Oct 2017 - Dec 2017,436726
185a,Kamisama Hajimemashita: Kako-hen,8.39,OVA,4,Aug 2015 - Aug 2016,159969
186a,3-gatsu no Lion,8.38,TV,22,Oct 2016 - Mar 2017,654950
187a,Barakamon,8.38,TV,12,Jul 2014 - Sep 2014,640501
188a,Chihayafuru 2,8.38,TV,25,Jan 2013 - Jun 2013,228077
189a,Cowboy Bebop: Tengoku no Tobira,8.38,Movie,1,Sep 2001 - Sep 2001,362268
190a,Cross Game,8.38,TV,50,Apr 2009 - Mar 2010,121352
191a,Non Non Biyori Nonstop,8.38,TV,12,Jan 2021 - Mar 2021,116859
192a,Tian Guan Ci Fu Special,8.38,ONA,1,Feb 2021 - Feb 2021,40012
193a,Baccano!,8.37,TV,13,Jul 2007 - Nov 2007,880718
194a,Kimetsu no Yaiba: Katanakaji no Sato-hen,8.37,TV,11,Apr 2023 - Jun 2023,607049
195a,Kizumonogatari I: Tekketsu-hen,8.37,Movie,1,Jan 2016 - Jan 2016,509196
196a,Made in Abyss Movie 2: Hourou Suru Tasogare,8.37,Movie,1,Jan 2019 - Jan 2019,125258
197a,Mahou Shoujo Madoka★Magica Movie 2: Eien no Monogatari,8.37,Movie,1,Oct 2012 - Oct 2012,195958
198a,Mushoku Tensei: Isekai Ittara Honki Dasu,8.37,TV,11,Jan 2021 - Mar 2021,1171810
199a,Kaze no Tani no Nausicaä,8.36,Movie,1,Mar 1984 - Mar 1984,358342
200a,Mahou Shoujo Madoka★Magica,8.36,TV,12,Jan 2011 - Apr 2011,1238129
201a,Tian Guan Ci Fu,8.36,ONA,11,Oct 2020 - Jan 2021,121144
202a,Usagi Drop,8.36,TV,11,Jul 2011 - Sep 2011,481436
203a,Wu Liuqi: Xuanwu Guo Pian,8.36,ONA,10,Jan 2021 - May 2021,54280
204a,Yahari Ore no Seishun Love Comedy wa Machigatteiru. Kan,8.36,TV,12,Jul 2020 - Sep 2020,688527
205a,Fumetsu no Anata e,8.36,TV,20,Apr 2021 - Aug 2021,817085
206a,Haikyuu!! To the Top,8.36,TV,13,Jan 2020 - Apr 2020,881944
207a,Bakuman. 2nd Season,8.35,TV,25,Oct 2011 - Mar 2012,344804
208a,Boku no Hero Academia 6th Season,8.35,TV,25,Oct 2022 - Mar 2023,550874
209a,Gintama: Shiroyasha Koutan,8.35,Special,1,Sep 2008 - Sep 2008,67731
210a,Hellsing Ultimate,8.35,OVA,10,Feb 2006 - Dec 2012,891802
211a,K-On! Movie,8.35,Movie,1,Dec 2011 - Dec 2011,318057
212a,Neon Genesis Evangelion,8.35,TV,26,Oct 1995 - Mar 1996,1726156
213a,Blue Lock,8.34,TV,24,Oct 2022 - Mar 2023,563010
214a,Kiseijuu: Sei no Kakuritsu,8.34,TV,24,Oct 2014 - Mar 2015,1788204
215a,Psycho-Pass,8.34,TV,22,Oct 2012 - Mar 2013,1573745
216a,Re:Zero kara Hajimeru Isekai Seikatsu 2nd Season,8.34,TV,13,Jul 2020 - Sep 2020,1047992
217a,Kidou Senshi Gundam: The Origin,8.33,OVA,6,Feb 2015 - May 2018,69931
218a,Natsume Yuujinchou: Itsuka Yuki no Hi ni,8.33,OVA,1,Feb 2014 - Feb 2014,77570
219a,One Outs,8.33,TV,25,Oct 2008 - Apr 2009,229892
220a,Romeo no Aoi Sora,8.33,TV,33,Jan 1995 - Dec 1995,48082
221a,Tensei shitara Slime Datta Ken 2nd Season Part 2,8.33,TV,12,Jul 2021 - Sep 2021,687802
222a,Uchuu Senkan Yamato 2199,8.33,OVA,26,May 2012 - Oct 2013,111670
223a,Versailles no Bara,8.33,TV,40,Oct 1979 - Sep 1980,92840
224a,"Violet Evergarden: Kitto ""Ai"" wo Shiru Hi ga Kuru no Darou",8.33,Special,1,Jul 2018 - Jul 2018,311868
225a,Bakemonogatari,8.33,TV,15,Jul 2009 - Jun 2010,1359168
226a,Given,8.33,TV,11,Jul 2019 - Sep 2019,538548
227a,Initial D First Stage,8.33,TV,26,Apr 1998 - Dec 1998,355850
228a,Fate/stay night: Unlimited Blade Works 2nd Season,8.32,TV,13,Apr 2015 - Jun 2015,823282
229a,Kage no Jitsuryokusha ni Naritakute!,8.32,TV,20,Oct 2022 - Feb 2023,486277
230a,Kingdom 2nd Season,8.32,TV,39,Jun 2013 - Mar 2014,118239
231a,Major S6,8.32,TV,25,Apr 2010 - Sep 2010,61101
232a,Natsume Yuujinchou Go Specials,8.32,Special,2,Mar 2017 - Apr 2017,43764
233a,Ramayana: The Legend of Prince Rama,8.32,Movie,1,Jan 1993 - Jan 1993,9433
234a,Katanagatari,8.31,TV,12,Jan 2010 - Dec 2010,546571
235a,Kemono no Souja Erin,8.31,TV,50,Jan 2009 - Dec 2009,83729
236a,Natsume Yuujinchou,8.31,TV,13,Jul 2008 - Sep 2008,521253
237a,NHK ni Youkoso!,8.31,TV,24,Jul 2006 - Dec 2006,712046
238a,Ookami to Koushinryou II,8.31,TV,12,Jul 2009 - Sep 2009,476636
239a,Sakamichi no Apollon,8.31,TV,12,Apr 2012 - Jun 2012,372368
240a,Spy x Family Part 2,8.31,TV,13,Oct 2022 - Dec 2022,778718
241a,Ano Hi Mita Hana no Namae wo Bokutachi wa Mada Shiranai.,8.31,TV,11,Apr 2011 - Jun 2011,1558517
242a,Boku dake ga Inai Machi,8.31,TV,12,Jan 2016 - Mar 2016,2002347
243a,Fate/strange Fake: Whispers of Dawn,8.31,Special,1,Jul 2023 - Jul 2023,50417
244a,Hunter x Hunter: Original Video Animation,8.31,OVA,8,Jan 2002 - Apr 2002,122976
245a,IDOLiSH7 Third Beat! Part 2,8.31,TV,17,Oct 2022 - Feb 2023,11822
246a,Diamond no Ace: Second Season,8.30,TV,51,Apr 2015 - Mar 2016,132676
247a,Evangelion: 2.0 You Can (Not) Advance,8.30,Movie,1,Jul 2009 - Jul 2009,519466
248a,Hibike! Euphonium 2,8.30,TV,13,Oct 2016 - Dec 2016,217824
249a,Kobayashi-san Chi no Maid Dragon S,8.30,TV,12,Jul 2021 - Sep 2021,523235
250a,Kuroko no Basket 3rd Season,8.30,TV,25,Jan 2015 - Jun 2015,731616
251a,Kino no Tabi: The Beautiful World,8.29,TV,13,Apr 2003 - Jul 2003,300312
252a,Major: World Series,8.29,OVA,2,Dec 2011 - Jan 2012,35679
253a,Rurouni Kenshin: Meiji Kenkaku Romantan,8.29,TV,94,Jan 1996 - Sep 1998,479430
254a,Steins;Gate: Oukoubakko no Poriomania,8.29,Special,1,Feb 2012 - Feb 2012,424831
255a,Ashita no Joe,8.29,TV,79,Apr 1970 - Sep 1971,86101
256a,Beck,8.29,TV,26,Oct 2004 - Mar 2005,328183
257a,Boku no Kokoro no Yabai Yatsu,8.29,TV,12,Apr 2023 - Jun 2023,169008
258a,Detective Conan Movie 06: The Phantom of Baker Street,8.29,Movie,1,Apr 2002 - Apr 2002,74985
259a,Doukyuusei (Movie),8.29,Movie,1,Feb 2016 - Feb 2016,257176
260a,Dr. Stone,8.29,TV,24,Jul 2019 - Dec 2019,1639950
261a,Gintama: Shinyaku Benizakura-hen,8.29,Special,1,Dec 2010 - Dec 2010,42301
262a,Hotarubi no Mori e,8.29,Movie,1,Sep 2011 - Sep 2011,794239
263a,Tenki no Ko,8.29,Movie,1,Jul 2019 - Jul 2019,934528
264a,Redline,8.28,Movie,1,Aug 2009 - Aug 2009,360697
265a,Shinsekai yori,8.28,TV,25,Sep 2012 - Mar 2013,757907
266a,Shirobako,8.28,TV,24,Oct 2014 - Mar 2015,432795
267a,86,8.28,TV,11,Apr 2021 - Jun 2021,693761
268a,Fate/Zero,8.28,TV,13,Oct 2011 - Dec 2011,1452357
269a,Ginga Eiyuu Densetsu: Die Neue These - Gekitotsu,8.28,Movie,12,Mar 2022 - May 2022,18961
270a,Initial D Final Stage,8.28,TV,4,May 2014 - Jun 2014,133056
271a,Gin no Saji 2nd Season,8.27,TV,11,Jan 2014 - Mar 2014,141822
272a,Gyakkyou Burai Kaiji: Ultimate Survivor,8.27,TV,26,Oct 2007 - Apr 2008,340286
273a,Horimiya: Piece,8.27,TV,13,Jul 2023 -,155601
274a,Tokyo Godfathers,8.27,Movie,1,Nov 2003 - Nov 2003,278470
275a,Tsubasa: Tokyo Revelations,8.27,OVA,3,Nov 2007 - Mar 2008,93392
276a,World Trigger 3rd Season,8.27,TV,14,Oct 2021 - Jan 2022,105654
277a,Yuru Camp△,8.27,TV,12,Jan 2018 - Mar 2018,463487
278a,Yuukoku no Moriarty Part 2,8.27,TV,13,Apr 2021 - Jun 2021,229556
279a,Koukaku Kidoutai,8.27,Movie,1,Nov 1995 - Nov 1995,606712
280a,Nodame Cantabile,8.27,TV,23,Jan 2007 - Jun 2007,307101
281a,Kono Subarashii Sekai ni Shukufuku wo! 2,8.26,TV,10,Jan 2017 - Mar 2017,1444152
282a,Naruto: Shippuuden,8.26,TV,500,Feb 2007 - Mar 2017,2360148
283a,Planetes,8.26,TV,26,Oct 2003 - Apr 2004,244524
284a,Space☆Dandy 2nd Season,8.26,TV,13,Jul 2014 - Sep 2014,162215
285a,Stranger: Mukou Hadan,8.26,Movie,1,Sep 2007 - Sep 2007,323140
286a,Diamond no Ace: Act II,8.26,TV,52,Apr 2019 - Mar 2020,85278
287a,Hajime no Ippo: Champion Road,8.26,Special,1,Apr 2003 - Apr 2003,129571
288a,Tenkuu no Shiro Laputa,8.26,Movie,1,Aug 1986 - Aug 1986,462274
289a,Tonari no Totoro,8.25,Movie,1,Apr 1988 - Apr 1988,1013498
290a,Kuroshitsuji Movie: Book of the Atlantic,8.25,Movie,1,Jan 2017 - Jan 2017,186887
291a,Non Non Biyori Movie: Vacation,8.25,Movie,1,Aug 2018 - Aug 2018,74463
292a,Sennen Joyuu,8.25,Movie,1,Sep 2002 - Sep 2002,176957
293a,Steins;Gate: Kyoukaimenjou no Missing Link - Divide By Zero,8.25,Special,1,Dec 2015 - Dec 2015,249541
294a,Bakemono no Ko,8.25,Movie,1,Jul 2015 - Jul 2015,409616
295a,Ginga Eiyuu Densetsu: Die Neue These - Sakubou,8.25,Movie,12,Sep 2022 - Nov 2022,11852
296a,Ginga Eiyuu Densetsu: Die Neue These - Seiran 3,8.25,Movie,4,Nov 2019 - Nov 2019,24455
297a,Gyakkyou Burai Kaiji: Hakairoku-hen,8.25,TV,26,Apr 2011 - Sep 2011,186353
298a,Hunter x Hunter: Greed Island Final,8.25,OVA,14,Mar 2004 - Aug 2004,139912
299a,Danshi Koukousei no Nichijou,8.24,TV,12,Jan 2012 - Mar 2012,795213
300a,Detective Conan: Episode One - The Great Detective Turned Small,8.24,Special,1,Dec 2016 - Dec 2016,29616
301a,Dororo,8.24,TV,24,Jan 2019 - Jun 2019,1153888
302a,Dungeon ni Deai wo Motomeru no wa Machigatteiru Darou ka IV: Fuka Shou - Yakusai-hen,8.24,TV,11,Jan 2023 - Mar 2023,170879
303a,Golden Kamuy 2nd Season,8.24,TV,12,Oct 2018 - Dec 2018,190867
304a,Seishun Buta Yarou wa Bunny Girl Senpai no Yume wo Minai,8.24,TV,13,Oct 2018 - Dec 2018,1646323
305a,Kidou Senshi Gundam: Tekketsu no Orphans 2nd Season,8.23,TV,25,Oct 2016 - Apr 2017,136349
306a,Major S3,8.23,TV,26,Jan 2007 - Jun 2007,67441
307a,Nodame Cantabile: Finale,8.23,TV,11,Jan 2010 - Mar 2010,125405
308a,Re:Zero kara Hajimeru Isekai Seikatsu,8.23,TV,25,Apr 2016 - Sep 2016,2100008
309a,Sasaki to Miyano,8.23,TV,12,Jan 2022 - Mar 2022,171832
310a,Sono Bisque Doll wa Koi wo Suru,8.23,TV,12,Jan 2022 - Mar 2022,947402
311a,Tengoku Daimakyou,8.23,TV,13,Apr 2023 - Jun 2023,309035
312a,Youjo Senki Movie,8.23,Movie,1,Feb 2019 - Feb 2019,262418
313a,Dr. Stone: Ryuusui,8.23,Special,1,Jul 2022 - Jul 2022,233461
314a,Great Pretender,8.23,TV,23,Jul 2020 - Dec 2020,619300
315a,Hajime no Ippo: Mashiba vs. Kimura,8.23,OVA,1,Sep 2003 - Sep 2003,103618
316a,Holo no Graffiti,8.23,ONA,?,May 2019 -,52543
317a,Ao Ashi,8.22,TV,24,Apr 2022 - Sep 2022,186404
318a,Bungou Stray Dogs 3rd Season,8.22,TV,12,Apr 2019 - Jun 2019,586137
319a,Fruits Basket 1st Season,8.22,TV,25,Apr 2019 - Sep 2019,778064
320a,Kono Sekai no Katasumi ni,8.22,Movie,1,Nov 2016 - Nov 2016,179857
321a,Kotarou wa Hitorigurashi,8.22,ONA,10,Mar 2022 - Mar 2022,133283
322a,Kuroko no Basket 2nd Season,8.22,TV,25,Oct 2013 - Mar 2014,823407
323a,Magi: The Kingdom of Magic,8.22,TV,25,Oct 2013 - Mar 2014,816760
324a,Majo no Takkyuubin,8.22,Movie,1,Jul 1989 - Jul 1989,550684
325a,Major S1,8.22,TV,26,Nov 2004 - May 2005,98515
326a,Mimi wo Sumaseba,8.22,Movie,1,Jul 1995 - Jul 1995,339967
327a,One Piece Movie 14: Stampede,8.22,Movie,1,Aug 2019 - Aug 2019,172650
328a,Ookami to Koushinryou,8.22,TV,13,Jan 2008 - Mar 2008,789136
329a,Trigun,8.22,TV,26,Apr 1998 - Sep 1998,730165
330a,Tanoshii Muumin Ikka,8.21,TV,78,Apr 1990 - Oct 1991,25703
331a,xxxHOLiC◆Kei,8.21,TV,13,Apr 2008 - Jun 2008,139038
332a,Yahari Ore no Seishun Love Comedy wa Machigatteiru. Zoku,8.21,TV,13,Apr 2015 - Jun 2015,1020485
333a,Cardcaptor Sakura Movie 2: Fuuin Sareta Card,8.21,Movie,1,Jul 2000 - Jul 2000,112289
334a,Detective Conan Movie 13: The Raven Chaser,8.21,Movie,1,Apr 2009 - Apr 2009,57440
335a,IDOLiSH7 Third Beat!,8.21,TV,13,Jul 2021 - Sep 2021,20421
336a,Kamisama Hajimemashita◎,8.21,TV,12,Jan 2015 - Mar 2015,386063
337a,Mahou Shoujo Madoka★Magica Movie 1: Hajimari no Monogatari,8.21,Movie,1,Oct 2012 - Oct 2012,193015
338a,SKET Dance,8.21,TV,77,Apr 2011 - Sep 2012,220003
339a,Lycoris Recoil,8.20,TV,13,Jul 2022 - Sep 2022,428203
340a,Nomad: Megalo Box 2,8.20,TV,13,Apr 2021 - Jun 2021,191452
341a,ReLIFE: Kanketsu-hen,8.20,Special,4,Mar 2018 - Mar 2018,372534
342a,Saiki Kusuo no Ψ-nan: Kanketsu-hen,8.20,Special,1,Dec 2018 - Dec 2018,207253
343a,Shoujo Kakumei Utena,8.20,TV,39,Apr 1997 - Dec 1997,208665
344a,Shoujo Shuumatsu Ryokou,8.20,TV,12,Oct 2017 - Dec 2017,323656
345a,Vanitas no Karte Part 2,8.20,TV,12,Jan 2022 - Apr 2022,251226
346a,Berserk: Ougon Jidai-hen III - Kourin,8.20,Movie,1,Feb 2013 - Feb 2013,215039
347a,Hachimitsu to Clover II,8.20,TV,12,Jun 2006 - Sep 2006,104515
348a,Haikyuu!! Movie 4: Concept no Tatakai,8.20,Movie,1,Sep 2017 - Sep 2017,78336
349a,Horimiya,8.20,TV,13,Jan 2021 - Apr 2021,1256593
350a,InuYasha: Kanketsu-hen,8.20,TV,26,Oct 2009 - Mar 2010,273157
351a,Kaguya-hime no Monogatari,8.20,Movie,1,Nov 2013 - Nov 2013,217545
352a,Asobi Asobase,8.19,TV,12,Jul 2018 - Sep 2018,452663
353a,Bakuman.,8.19,TV,25,Oct 2010 - Apr 2011,604549
354a,Bungou Stray Dogs 2nd Season,8.19,TV,12,Oct 2016 - Dec 2016,804968
355a,Fate/stay night: Unlimited Blade Works,8.19,TV,12,Oct 2014 - Dec 2014,1028174
356a,Little Busters! Refrain,8.19,TV,13,Oct 2013 - Dec 2013,162261
357a,Liz to Aoi Tori,8.19,Movie,1,Apr 2018 - Apr 2018,129911
358a,Maison Ikkoku,8.19,TV,96,Mar 1986 - Mar 1988,69240
359a,Major S2,8.19,TV,26,Dec 2005 - Jun 2006,69975
360a,Major S4,8.19,TV,26,Jan 2008 - Jun 2008,63744
361a,No Game No Life: Zero,8.19,Movie,1,Jul 2017 - Jul 2017,835669
362a,One Piece: Episode of Merry - Mou Hitori no Nakama no Monogatari,8.19,Special,1,Aug 2013 - Aug 2013,59127
363a,Senki Zesshou Symphogear XV,8.19,TV,13,Jul 2019 - Sep 2019,37383
364a,Stand By Me Doraemon 2,8.19,Movie,1,Nov 2020 - Nov 2020,21288
365a,xxxHOLiC Rou,8.19,OVA,2,Apr 2010 - Mar 2011,67465
366a,Yojouhan Time Machine Blues,8.19,ONA,6,Sep 2022 - Oct 2022,35428
367a,Yoru wa Mijikashi Arukeyo Otome,8.19,Movie,1,Apr 2017 - Apr 2017,119370
368a,Wu Liuqi: Zui Qiang Fa Xing Shi,8.18,ONA,10,Oct 2019 - Jan 2020,66470
369a,Ballroom e Youkoso,8.18,TV,24,Jul 2017 - Dec 2017,318004
370a,Chihayafuru,8.18,TV,25,Oct 2011 - Mar 2012,445147
371a,Girls & Panzer Movie,8.18,Movie,1,Nov 2015 - Nov 2015,101684
372a,Higurashi no Naku Koro ni Kai,8.18,TV,24,Jul 2007 - Dec 2007,467246
373a,Hunter x Hunter: Greed Island,8.18,OVA,8,Feb 2003 - Apr 2003,150671
374a,Jigokuraku,8.18,TV,13,Apr 2023 - Jul 2023,491196
375a,JoJo no Kimyou na Bouken Part 6: Stone Ocean,8.18,ONA,12,Dec 2021 - Dec 2021,454443
376a,Non Non Biyori Repeat,8.18,TV,12,Jul 2015 - Sep 2015,194028
377a,Paripi Koumei,8.17,TV,12,Apr 2022 - Jun 2022,266988
378a,Quanzhi Gaoshou Specials,8.17,ONA,3,Apr 2018 - May 2018,102355
379a,Toaru Kagaku no Railgun T,8.17,TV,25,Jan 2020 - Sep 2020,220503
380a,Aria the Natural,8.17,TV,26,Apr 2006 - Sep 2006,76748
381a,Black Lagoon: The Second Barrage,8.17,TV,12,Oct 2006 - Dec 2006,498104
382a,Detective Conan,8.17,TV,?,Jan 1996 -,335915
383a,Detective Conan Movie 20: The Darkest Nightmare,8.17,Movie,1,Apr 2016 - Apr 2016,39509
384a,Digimon Adventure: Last Evolution Kizuna,8.17,Movie,1,Feb 2020 - Feb 2020,40770
385a,Dr. Stone: New World,8.17,TV,11,Apr 2023 - Jun 2023,360163
386a,Dr. Stone: Stone Wars,8.17,TV,11,Jan 2021 - Mar 2021,968946
387a,Fate/stay night Movie: Heaven's Feel - I. Presage Flower,8.17,Movie,1,Oct 2017 - Oct 2017,433224
388a,Girls & Panzer: Saishuushou Part 3,8.17,Movie,1,Mar 2021 - Mar 2021,23569
389a,K-On!!,8.17,TV,26,Apr 2010 - Sep 2010,670653
390a,Akira,8.16,Movie,1,Jul 1988 - Jul 1988,808498
391a,Buddy Daddies,8.16,TV,12,Jan 2023 - Apr 2023,213983
392a,Cardcaptor Sakura,8.16,TV,70,Apr 1998 - Mar 2000,421883
393a,Dragon Ball Super: Broly,8.16,Movie,1,Dec 2018 - Dec 2018,374784
394a,Dragon Ball Z,8.16,TV,291,Apr 1989 - Jan 1996,1180257
395a,Initial D Fourth Stage,8.16,TV,24,Apr 2004 - Feb 2006,174715
396a,Initial D Second Stage,8.16,TV,13,Oct 1999 - Jan 2000,204073
397a,Made in Abyss Movie 1: Tabidachi no Yoake,8.16,Movie,1,Jan 2019 - Jan 2019,119266
398a,Noragami Aragoto,8.16,TV,13,Oct 2015 - Dec 2015,1407214
399a,Ouran Koukou Host Club,8.16,TV,26,Apr 2006 - Sep 2006,1084774
400a,Skip to Loafer,8.16,TV,12,Apr 2023 - Jun 2023,180140
401a,Tengen Toppa Gurren Lagann Movie 1: Gurren-hen,8.16,Movie,1,Sep 2008 - Sep 2008,158801
402a,Yuukoku no Moriarty,8.16,TV,11,Oct 2020 - Dec 2020,391654
403a,Death Parade,8.15,TV,12,Jan 2015 - Mar 2015,1695583
404a,Eiga Daisuki Pompo-san,8.15,Movie,1,Jun 2021 - Jun 2021,33665
405a,Ginga Eiyuu Densetsu: Die Neue These - Seiran 2,8.15,Movie,4,Oct 2019 - Oct 2019,23703
406a,Given: Uragawa no Sonzai,8.15,OVA,1,Dec 2021 - Dec 2021,79870
407a,Kaguya-sama wa Kokurasetai: Ultra Romantic Teaser PV - Ishigami Yuu wa Kataritai,8.15,ONA,1,Oct 2021 - Oct 2021,52699
408a,"Kamisama Hajimemashita: Kamisama, Shiawase ni Naru",8.15,OVA,1,Dec 2016 - Dec 2016,61743
409a,Kyoukai no Kanata Movie 2: I'll Be Here - Mirai-hen,8.15,Movie,1,Apr 2015 - Apr 2015,252739
410a,Lupin III: Cagliostro no Shiro,8.15,Movie,1,Dec 1979 - Dec 1979,111604
411a,Major: Message,8.15,OVA,1,Dec 2010 - Dec 2010,29787
412a,Shokugeki no Souma,8.15,TV,24,Apr 2015 - Sep 2015,1590005
413a,Natsume Yuujinchou: Ishi Okoshi to Ayashiki Raihousha,8.14,Movie,1,Jan 2021 - Jan 2021,32844
414a,Nisemonogatari,8.14,TV,11,Jan 2012 - Mar 2012,713094
415a,Nodame Cantabile: Paris-hen,8.14,TV,11,Oct 2008 - Dec 2008,121974
416a,Non Non Biyori Nonstop: Bukatsu wo Ganbatta,8.14,OVA,1,Mar 2022 - Mar 2022,17669
417a,One Piece Film: Z,8.14,Movie,1,Dec 2012 - Dec 2012,266539
418a,Tensei shitara Slime Datta Ken,8.14,TV,24,Oct 2018 - Mar 2019,1346529
419a,Working!!! Lord of the Takanashi,8.14,Special,1,Mar 2016 - Mar 2016,100261
420a,Black Clover,8.14,TV,170,Oct 2017 - Mar 2021,1561846
421a,Doraemon Movie 31: Shin Nobita to Tetsujin Heidan - Habatake Tenshi-tachi,8.14,Movie,1,Mar 2011 - Mar 2011,13759
422a,Gankutsuou,8.14,TV,24,Oct 2004 - Mar 2005,241573
423a,Given Movie,8.14,Movie,1,Aug 2020 - Aug 2020,221305
424a,Golden Kamuy 4th Season,8.14,TV,13,Oct 2022 - Jun 2023,81010
425a,Haikyuu!! Movie 3: Sainou to Sense,8.14,Movie,1,Sep 2017 - Sep 2017,81293
426a,Hinamatsuri (TV),8.14,TV,12,Apr 2018 - Jun 2018,489300
427a,IDOLiSH7 Second Beat!,8.14,TV,15,Apr 2020 - Dec 2020,29199
428a,Kaiba,8.14,TV,12,Apr 2008 - Jul 2008,146154
429a,Black Clover: Mahou Tei no Ken,8.13,Movie,1,Jun 2023 - Jun 2023,177810
430a,Eizouken ni wa Te wo Dasu na!,8.13,TV,12,Jan 2020 - Mar 2020,320557
431a,Katekyo Hitman Reborn!,8.13,TV,203,Oct 2006 - Sep 2010,544927
432a,Lupin III: Part 5,8.13,TV,24,Apr 2018 - Sep 2018,42439
433a,Princess Tutu,8.13,TV,38,Aug 2002 - May 2003,162771
434a,Seirei no Moribito,8.13,TV,26,Apr 2007 - Sep 2007,212172
435a,Youkoso Jitsuryoku Shijou Shugi no Kyoushitsu e 2nd Season,8.13,TV,13,Jul 2022 - Sep 2022,526714
436a,Detective Conan Movie 05: Countdown to Heaven,8.12,Movie,1,Apr 2001 - Apr 2001,61230
437a,Ginga Eiyuu Densetsu Gaiden,8.12,OVA,24,Feb 1998 - Sep 1998,23233
438a,Gintama': Futon ni Haitte kara Buki Nokoshi ni Kizuite Neru ni Nerenai Toki mo Aru,8.12,Special,1,Apr 2015 - Apr 2015,39701
439a,Kidou Senshi Gundam: The Origin - Zenya Akai Suisei,8.12,TV,13,Apr 2019 - Aug 2019,20645
440a,Mahou Shoujo Lyrical Nanoha: The Movie 2nd A's,8.12,Movie,1,Jul 2012 - Jul 2012,23311
441a,One Piece: Episode of Nami - Koukaishi no Namida to Nakama no Kizuna,8.12,Special,1,Aug 2012 - Aug 2012,66998
442a,Kaze Tachinu,8.11,Movie,1,Jul 2013 - Jul 2013,314264
443a,Kidou Senshi Gundam 00,8.11,TV,25,Oct 2007 - Mar 2008,214442
444a,Kono Subarashii Sekai ni Shukufuku wo!,8.11,TV,10,Jan 2016 - Mar 2016,1870264
445a,Koukaku Kidoutai: Stand Alone Complex - Solid State Society,8.11,Special,1,Sep 2006 - Sep 2006,97781
446a,Kuragehime,8.11,TV,11,Oct 2010 - Dec 2010,228331
447a,Mahoutsukai no Yome: Hoshi Matsu Hito,8.11,OVA,3,Sep 2016 - Sep 2017,273689
448a,Saiki Kusuo no Ψ-nan: Ψ-shidou-hen,8.11,ONA,6,Dec 2019 - Dec 2019,210506
449a,Toki wo Kakeru Shoujo,8.11,Movie,1,Jul 2006 - Jul 2006,769115
450a,Boku no Hero Academia 2nd Season,8.11,TV,25,Apr 2017 - Sep 2017,2419754
451a,Chuunibyou demo Koi ga Shitai! Movie: Take On Me,8.11,Movie,1,Jan 2018 - Jan 2018,257623
452a,Detective Conan Movie 14: The Lost Ship in the Sky,8.11,Movie,1,Apr 2010 - Apr 2010,54673
453a,Durarara!!,8.11,TV,24,Jan 2010 - Jun 2010,1364826
454a,Fullmetal Alchemist,8.11,TV,51,Oct 2003 - Oct 2004,1430208
455a,Gintama°: Umai-mono wa Atomawashi ni Suru to Yokodorisareru kara Yappari Saki ni Kue,8.11,Special,1,Nov 2015 - Nov 2015,33253
456a,Honzuki no Gekokujou: Shisho ni Naru Tame ni wa Shudan wo Erandeiraremasen 2nd Season,8.11,TV,12,Apr 2020 - Jun 2020,194516
457a,JoJo no Kimyou na Bouken Part 6: Stone Ocean Part 2,8.11,ONA,12,Sep 2022 - Sep 2022,212487
458a,Akatsuki no Yona OVA,8.10,OVA,3,Sep 2015 - Dec 2016,129931
459a,Detroit Metal City,8.10,OVA,12,Aug 2008 - Oct 2008,205999
460a,Diamond no Ace,8.10,TV,75,Oct 2013 - Mar 2015,236535
461a,Douluo Dalu 2nd Season,8.10,ONA,237,Dec 2018 - Jun 2023,18683
462a,JoJo no Kimyou na Bouken Part 3: Stardust Crusaders,8.10,TV,24,Apr 2014 - Sep 2014,1153687
463a,Kamisama Hajimemashita,8.10,TV,13,Oct 2012 - Dec 2012,625649
464a,Kidou Senshi Gundam Unicorn,8.10,OVA,7,Mar 2010 - Jun 2014,95705
465a,Kuroko no Basket: Saikou no Present desu,8.10,Special,1,Dec 2015 - Dec 2015,102272
466a,Mirai Shounen Conan,8.10,TV,26,Apr 1978 - Oct 1978,47802
467a,Tamayura: Sotsugyou Shashin Part 4 - Ashita,8.10,Movie,1,Apr 2016 - Apr 2016,10753
468a,Tsubasa: Shunraiki,8.09,OVA,2,Mar 2009 - May 2009,61025
469a,Tsukimonogatari,8.09,TV,4,Dec 2014 - Dec 2014,406054
470a,Uchouten Kazoku 2,8.09,TV,12,Apr 2017 - Jun 2017,62551
471a,Violet Evergarden: Recollections,8.09,Special,1,Oct 2021 - Oct 2021,23100
472a,Zankyou no Terror,8.09,TV,11,Jul 2014 - Sep 2014,1121894
473a,Ansatsu Kyoushitsu,8.09,TV,22,Jan 2015 - Jun 2015,1922911
474a,Baccano! Specials,8.09,Special,3,Feb 2008 - May 2008,175563
475a,Gin no Saji,8.09,TV,11,Jul 2013 - Sep 2013,284793
476a,Hajime no Ippo: Boxer no Kobushi,8.09,Special,1,Mar 2003 - Mar 2003,52052
477a,Initial D Fifth Stage,8.09,TV,14,Nov 2012 - May 2013,138947
478a,Overlord IV,8.09,TV,13,Jul 2022 - Sep 2022,465578
479a,Saint Seiya: The Lost Canvas - Meiou Shinwa 2,8.09,OVA,13,Feb 2011 - Jul 2011,73278
480a,Shokugeki no Souma: Ni no Sara,8.09,TV,13,Jul 2016 - Sep 2016,1099626
481a,Stand By Me Doraemon,8.09,Movie,1,Aug 2014 - Aug 2014,51347
482a,Kidou Senshi Gundam 00 Second Season,8.08,TV,25,Oct 2008 - Mar 2009,147262
483a,Kimi wa Houkago Insomnia,8.08,TV,13,Apr 2023 - Jul 2023,151246
484a,Kuroko no Basket Movie 4: Last Game,8.08,Movie,1,Mar 2017 - Mar 2017,288451
485a,No Game No Life,8.08,TV,12,Apr 2014 - Jun 2014,2313162
486a,One Piece Film: Strong World,8.08,Movie,1,Dec 2009 - Dec 2009,240891
487a,Sakura-sou no Pet na Kanojo,8.08,TV,24,Oct 2012 - Mar 2013,1209680
488a,Serial Experiments Lain,8.08,TV,13,Jul 1998 - Sep 1998,724468
489a,Skip Beat!,8.08,TV,25,Oct 2008 - Mar 2009,262058
490a,Toradora!,8.08,TV,25,Oct 2008 - Mar 2009,2128186
491a,Tsurune: Tsunagari no Issha,8.08,TV,13,Jan 2023 - Mar 2023,45589
492a,Yuusha-Ou GaoGaiGar Final,8.08,OVA,8,Jan 2000 - Mar 2003,9827
493a,Fumetsu no Anata e Season 2,8.08,TV,20,Oct 2022 - Mar 2023,246607
494a,Ginga Eiyuu Densetsu: Arata naru Tatakai no Overture,8.08,Movie,1,Dec 1993 - Dec 1993,33296
495a,Gintama: Nanigoto mo Saisho ga Kanjin nanode Tashou Senobisuru Kurai ga Choudoyoi,8.08,Special,1,Sep 2005 - Sep 2005,54933
496a,Hikaru no Go,8.08,TV,75,Oct 2001 - Mar 2003,133942
497a,Honzuki no Gekokujou: Shisho ni Naru Tame ni wa Shudan wo Erandeiraremasen 3rd Season,8.08,TV,10,Apr 2022 - Jun 2022,137603
498a,Hyouka,8.08,TV,22,Apr 2012 - Sep 2012,1320779
499a,Kanata no Astra,8.08,TV,12,Jul 2019 - Sep 2019,289605
500a,5-toubun no Hanayome ∬,8.07,TV,12,Jan 2021 - Mar 2021,669428
501a,Gintama: Dai Hanseikai,8.07,Special,1,Mar 2010 - Mar 2010,37029
502a,Hidamari Sketch: Sae Hiro Sotsugyou-hen,8.07,OVA,2,Nov 2013 - Nov 2013,13476
503a,"Komi-san wa, Comyushou desu. 2nd Season",8.07,TV,12,Apr 2022 - Jun 2022,436270
504a,Koukaku Kidoutai: Stand Alone Complex - The Laughing Man,8.07,Special,1,Sep 2005 - Sep 2005,39585
505a,Kuroshitsuji: Book of Circus,8.07,TV,10,Jul 2014 - Sep 2014,388979
506a,Luo Xiao Hei Zhan Ji (Movie),8.07,Movie,1,Sep 2019 - Sep 2019,23926
507a,Tonikaku Kawaii: SNS,8.07,OVA,1,Aug 2021 - Aug 2021,141190
508a,Watashi no Shiawase na Kekkon,8.07,TV,12,Jul 2023 -,80440
509a,Tsuki ga Kirei,8.06,TV,12,Apr 2017 - Jun 2017,521195
510a,World Trigger 2nd Season,8.06,TV,12,Jan 2021 - Apr 2021,140166
511a,Yowamushi Pedal: Grande Road,8.06,TV,24,Oct 2014 - Mar 2015,135521
512a,Angel Beats!,8.06,TV,13,Apr 2010 - Jun 2010,2015524
513a,City Hunter 2,8.06,TV,63,Apr 1988 - Jul 1989,25602
514a,Darker than Black: Kuro no Keiyakusha,8.06,TV,25,Apr 2007 - Sep 2007,919613
515a,Detective Conan Movie 08: Magician of the Silver Sky,8.06,Movie,1,Apr 2004 - Apr 2004,54571
516a,Detective Conan Movie 18: The Sniper from Another Dimension,8.06,Movie,1,Apr 2014 - Apr 2014,41403
517a,Detective Conan Movie 25: Halloween no Hanayome,8.06,Movie,1,Apr 2022 - Apr 2022,12480
518a,Durarara!!x2 Ketsu,8.06,TV,12,Jan 2016 - Mar 2016,367967
519a,Girls & Panzer: Saishuushou Part 2,8.06,Movie,1,Jun 2019 - Jun 2019,33337
520a,Kodomo no Omocha (TV),8.06,TV,102,Apr 1996 - Mar 1998,65120
521a,Koukyoushihen Eureka Seven,8.06,TV,50,Apr 2005 - Apr 2006,427530
522a,Kuroko no Basket,8.06,TV,25,Apr 2012 - Sep 2012,1159081
523a,Kuroshitsuji: Book of Murder,8.06,OVA,2,Jan 2015 - Feb 2015,236971
524a,Mahoutsukai no Yome,8.06,TV,24,Oct 2017 - Mar 2018,882336
525a,Romantic Killer,8.06,ONA,12,Oct 2022 - Oct 2022,160087
526a,Karakai Jouzu no Takagi-san 2,8.05,TV,12,Jul 2019 - Sep 2019,317593
527a,Kidou Senshi Gundam: Tekketsu no Orphans,8.05,TV,25,Oct 2015 - Mar 2016,230872
528a,Kyou kara Ore wa!!,8.05,OVA,10,Apr 1993 - Dec 1997,32455
529a,Mairimashita! Iruma-kun 2nd Season,8.05,TV,21,Apr 2021 - Sep 2021,293586
530a,Omoide no Marnie,8.05,Movie,1,Jul 2014 - Jul 2014,282639
531a,Shijou Saikyou no Deshi Kenichi,8.05,TV,50,Oct 2006 - Sep 2007,293852
532a,Uma Musume: Pretty Derby Season 2,8.05,TV,13,Jan 2021 - Mar 2021,45809
533a,Dorohedoro,8.05,TV,12,Jan 2020 - Mar 2020,510858
534a,Ginga Eiyuu Densetsu Gaiden (1999),8.05,OVA,28,Dec 1999 - Jul 2000,19536
535a,Glass no Kamen (2005),8.05,TV,51,Apr 2005 - Mar 2006,38291
536a,Gosick,8.05,TV,24,Jan 2011 - Jul 2011,529421
537a,Boku no Hero Academia 3rd Season,8.04,TV,25,Apr 2018 - Sep 2018,2093727
538a,Dennou Coil,8.04,TV,26,May 2007 - Dec 2007,143348
539a,Fate/stay night: Unlimited Blade Works Prologue,8.04,Special,1,Oct 2014 - Oct 2014,310034
540a,Golden Boy,8.04,OVA,6,Oct 1995 - Jun 1996,376423
541a,Haikyuu!! Movie 2: Shousha to Haisha,8.04,Movie,1,Sep 2015 - Sep 2015,87237
542a,Kamisama Hajimemashita OVA,8.04,OVA,2,Aug 2013 - Aug 2013,125254
543a,Kidou Senshi Gundam: Suisei no Majo Season 2,8.04,TV,12,Apr 2023 - Jul 2023,63766
544a,Kill la Kill,8.04,TV,24,Oct 2013 - Mar 2014,1664052
545a,Paprika,8.04,Movie,1,Nov 2006 - Nov 2006,512882
546a,Saint Seiya: Meiou Hades Juuni Kyuu-hen,8.04,OVA,13,Nov 2002 - Jul 2003,55373
547a,xxxHOLiC Shunmuki,8.04,OVA,2,Feb 2009 - Jun 2009,68595
548a,Summer Wars,8.03,Movie,1,Aug 2009 - Aug 2009,508113
549a,Yahari Ore no Seishun Love Comedy wa Machigatteiru. Zoku OVA,8.03,OVA,1,Oct 2016 - Oct 2016,238631
550a,Akatsuki no Yona,8.03,TV,24,Oct 2014 - Mar 2015,818564
551a,BanG Dream! 3rd Season,8.03,TV,13,Jan 2020 - Apr 2020,34326
552a,Black Lagoon,8.03,TV,12,Apr 2006 - Jun 2006,963580
553a,Detective Conan Movie 03: The Last Wizard of the Century,8.03,Movie,1,Apr 1999 - Apr 1999,63645
554a,Detective Conan Movie 10: Requiem of the Detectives,8.03,Movie,1,Apr 2006 - Apr 2006,54066
555a,FLCL,8.03,OVA,6,Apr 2000 - Mar 2001,789100
556a,Full Metal Panic? Fumoffu,8.03,TV,12,Aug 2003 - Nov 2003,289608
557a,Ginga Eiyuu Densetsu: Die Neue These - Seiran 1,8.03,Movie,4,Sep 2019 - Sep 2019,27568
558a,Kono Subarashii Sekai ni Shukufuku wo! 2: Kono Subarashii Geijutsu ni Shukufuku wo!,8.03,OVA,1,Jul 2017 - Jul 2017,353153
559a,Lovely★Complex,8.03,TV,24,Apr 2007 - Sep 2007,566700
560a,Kara no Kyoukai Movie 3: Tsuukaku Zanryuu,8.02,Movie,1,Feb 2008 - Feb 2008,222146
561a,Magi: The Labyrinth of Magic,8.02,TV,25,Oct 2012 - Mar 2013,1010290
562a,Persona 3 the Movie 4: Winter of Rebirth,8.02,Movie,1,Jan 2016 - Jan 2016,70001
563a,Saiunkoku Monogatari 2nd Season,8.02,TV,39,Apr 2007 - Mar 2008,40085
564a,SK∞,8.02,TV,12,Jan 2021 - Apr 2021,524142
565a,Slayers Next,8.02,TV,26,Apr 1996 - Sep 1996,68662
566a,Toaru Kagaku no Railgun S,8.02,TV,24,Apr 2013 - Sep 2013,376951
567a,BanG Dream! Movie: Episode of Roselia - II: Song I Am.,8.02,Movie,1,Jun 2021 - Jun 2021,7688
568a,Black Lagoon: Roberta's Blood Trail,8.02,OVA,5,Jun 2010 - Jun 2011,285920
569a,D.Gray-man,8.02,TV,103,Oct 2006 - Sep 2008,675083
570a,Detective Conan Movie 04: Captured in Her Eyes,8.02,Movie,1,Apr 2000 - Apr 2000,60056
571a,Doupo Cangqiong: San Nian Zhi Yue,8.02,ONA,13,Oct 2021 - Jan 2022,6185
572a,Ginga Nagareboshi Gin,8.02,TV,21,Apr 1986 - Aug 1986,26182
573a,Hanada Shounen-shi,8.02,TV,25,Oct 2002 - Mar 2003,15163
574a,Juuni Kokuki,8.02,TV,45,Apr 2002 - Aug 2003,144860
575a,Baby Steps 2nd Season,8.01,TV,25,Apr 2015 - Sep 2015,88966
576a,Eve no Jikan,8.01,ONA,6,Aug 2008 - Sep 2009,180514
577a,Kaichou wa Maid-sama!,8.01,TV,26,Apr 2010 - Sep 2010,1206027
578a,Kidou Senshi Gundam: Dai 08 MS Shoutai,8.01,OVA,12,Jan 1996 - Jul 1999,80088
579a,Omae Umasou da na,8.01,Movie,1,Oct 2010 - Oct 2010,19090
580a,Pui Pui Molcar,8.01,TV,12,Jan 2021 - Mar 2021,15352
581a,Quanzhi Gaoshou: Dianfeng Rongyao,8.01,Movie,1,Aug 2019 - Aug 2019,47880
582a,Shokugeki no Souma: San no Sara,8.01,TV,12,Oct 2017 - Dec 2017,939783
583a,Tokyo Magnitude 8.0,8.01,TV,11,Jul 2009 - Sep 2009,290339
584a,Tsumiki no Ie,8.01,Movie,1,Jun 2008 - Jun 2008,94234
585a,Yahari Ore no Seishun Love Comedy wa Machigatteiru.,8.01,TV,13,Apr 2013 - Jun 2013,1377063
586a,Zombieland Saga Revenge,8.01,TV,12,Apr 2021 - Jun 2021,203666
587a,Touch,8.00,TV,101,Mar 1985 - Mar 1987,34635
588a,Wolf's Rain OVA,8.00,OVA,4,Jan 2004 - Feb 2004,65645
589a,Yofukashi no Uta,8.00,TV,13,Jul 2022 - Sep 2022,517058
590a,Aria the OVA: Arietta,8.00,OVA,1,Sep 2007 - Sep 2007,36870
591a,Clannad,8.00,TV,23,Oct 2007 - Mar 2008,1375134
592a,Detective Conan Movie 15: Quarter of Silence,8.00,Movie,1,Apr 2011 - Apr 2011,46463
593a,ef: A Tale of Melodies.,8.00,TV,12,Oct 2008 - Dec 2008,162332
594a,Evangelion: 1.0 You Are (Not) Alone,8.00,Movie,1,Sep 2007 - Sep 2007,540488
595a,Fullmetal Alchemist: Brotherhood Specials,8.00,Special,4,Aug 2009 - Aug 2010,154529
596a,Hachimitsu to Clover,8.00,TV,24,Apr 2005 - Sep 2005,260926
597a,Haikyuu!! Movie 1: Owari to Hajimari,8.00,Movie,1,Jul 2015 - Jul 2015,95146
598a,Hibike! Euphonium,8.00,TV,13,Apr 2015 - Jul 2015,439191
599a,Honzuki no Gekokujou: Shisho ni Naru Tame ni wa Shudan wo Erandeiraremasen,8.00,TV,14,Oct 2019 - Dec 2019,284060
600a,Kami nomi zo Shiru Sekai: Megami-hen,8.00,TV,12,Jul 2013 - Sep 2013,336476
601a,Kara no Kyoukai Movie: Mirai Fukuin,8.00,Movie,1,Sep 2013 - Sep 2013,111970
602a,Kimi ni Todoke,8.00,TV,25,Oct 2009 - Mar 2010,895579
603a,Shadows House 2nd Season,8.00,TV,12,Jul 2022 - Sep 2022,107667
604a,Koukaku Kidoutai: Stand Alone Complex 2nd GIG - Individual Eleven,7.99,Special,1,Jan 2006 - Jan 2006,28928
605a,Naruto,7.99,TV,220,Oct 2002 - Feb 2007,2728327
606a,School Rumble Ni Gakki,7.99,TV,26,Apr 2006 - Sep 2006,157719
607a,Sword Art Online: Progressive Movie - Hoshi Naki Yoru no Aria,7.99,Movie,1,Oct 2021 - Oct 2021,232522
608a,Tokyo Revengers,7.99,TV,24,Apr 2021 - Sep 2021,1162176
609a,Yuuki Yuuna wa Yuusha de Aru: Washio Sumi no Shou 3 - Yakusoku,7.99,Movie,1,Jul 2017 - Jul 2017,14283
610a,Azumanga Daiou The Animation,7.99,TV,26,Apr 2002 - Oct 2002,330017
611a,Hololive Alternative,7.99,ONA,2,May 2021 - Jun 2022,10483
612a,Kakushigoto,7.99,TV,12,Apr 2020 - Jun 2020,316895
613a,Boku no Hero Academia the Movie 2: Heroes:Rising,7.98,Movie,1,Dec 2019 - Dec 2019,541054
614a,Code Geass: Hangyaku no Lelouch III - Oudou,7.98,Movie,1,May 2018 - May 2018,89256
615a,Durarara!!x2 Shou,7.98,TV,12,Jan 2015 - Mar 2015,470056
616a,Eve no Jikan (Movie),7.98,Movie,1,Mar 2010 - Mar 2010,122467
617a,Kimi ni Todoke 2nd Season,7.98,TV,12,Jan 2011 - Mar 2011,453807
618a,Koukaku Kidoutai 2.0,7.98,Movie,1,Jul 2008 - Jul 2008,86916
619a,Maou-jou de Oyasumi,7.98,TV,12,Oct 2020 - Dec 2020,199081
620a,Tate no Yuusha no Nariagari,7.98,TV,25,Jan 2019 - Jun 2019,1504851
621a,xxxHOLiC,7.98,TV,24,Apr 2006 - Sep 2006,310235
622a,Yuri!!! on Ice: Yuri Plisetsky GPF in Barcelona EX - Welcome to The Madness,7.97,Special,1,May 2017 - May 2017,80622
623a,Akagami no Shirayuki-hime 2nd Season,7.97,TV,12,Jan 2016 - Mar 2016,345977
624a,Durarara!!x2 Ten,7.97,TV,12,Jul 2015 - Sep 2015,384369
625a,Haibane Renmei,7.97,TV,13,Oct 2002 - Dec 2002,273234
626a,High Score Girl II,7.97,TV,9,Oct 2019 - Dec 2019,130610
627a,High Score Girl: Extra Stage,7.97,OVA,3,Mar 2019 - Mar 2019,71428
628a,Hyouge Mono,7.97,TV,39,Apr 2011 - Jan 2012,27285
629a,Kidou Senshi Gundam 0080: Pocket no Naka no Sensou,7.97,OVA,6,Mar 1989 - Aug 1989,57184
630a,Nagi no Asu kara,7.97,TV,26,Oct 2013 - Apr 2014,586584
631a,Ookiku Furikabutte: Natsu no Taikai-hen,7.97,TV,13,Apr 2010 - Jun 2010,43615
632a,ReLIFE,7.97,TV,13,Jul 2016 - Sep 2016,993344
633a,Rurouni Kenshin: Meiji Kenkaku Romantan - Seisou-hen,7.97,OVA,2,Dec 2001 - Mar 2002,82150
634a,Saint Seiya: The Lost Canvas - Meiou Shinwa,7.97,OVA,13,Jun 2009 - Apr 2010,104939
635a,Kidou Keisatsu Patlabor 2 the Movie,7.96,Movie,1,Aug 1993 - Aug 1993,35387
636a,Kobayashi-san Chi no Maid Dragon,7.96,TV,13,Jan 2017 - Apr 2017,1187386
637a,Love Live! Superstar!!,7.96,TV,12,Jul 2021 - Oct 2021,64856
638a,Mahou Shoujo Lyrical Nanoha A's,7.96,TV,13,Oct 2005 - Dec 2005,63759
639a,Major Movie: Yuujou no Winning Shot,7.96,Movie,1,Dec 2008 - Dec 2008,20094
640a,Sakasama no Patema,7.96,Movie,1,Nov 2013 - Nov 2013,280842
641a,Shokugeki no Souma: San no Sara - Tootsuki Ressha-hen,7.96,TV,12,Apr 2018 - Jun 2018,693915
642a,Tennis no Ouji-sama: Zenkoku Taikai-hen - Final,7.96,OVA,7,Apr 2008 - Jan 2009,35294
643a,Working!!!,7.96,TV,13,Jul 2015 - Sep 2015,241340
644a,Youjo Senki,7.96,TV,12,Jan 2017 - Mar 2017,872212
645a,Aria the Origination: Sono Choppiri Himitsu no Basho ni...,7.96,Special,1,Jun 2008 - Jun 2008,21151
646a,Bungou Stray Dogs Wan!,7.96,TV,12,Jan 2021 - Mar 2021,107180
647a,Dragon Ball,7.96,TV,153,Feb 1986 - Apr 1989,992964
648a,Hokuto no Ken,7.96,TV,109,Oct 1984 - Mar 1987,126787
649a,Aria the Benedizione,7.95,Movie,1,Dec 2021 - Dec 2021,6617
650a,Girls & Panzer: Saishuushou Part 1,7.95,Movie,1,Dec 2017 - Dec 2017,45597
651a,IDOLiSH7 Vibrato,7.95,ONA,8,Feb 2018 - Mar 2019,14779
652a,Kanon (2006),7.95,TV,24,Oct 2006 - Mar 2007,265487
653a,Kobato.,7.95,TV,24,Oct 2009 - Mar 2010,163078
654a,Kurenai no Buta,7.95,Movie,1,Jul 1992 - Jul 1992,235278
655a,Noragami,7.95,TV,12,Jan 2014 - Mar 2014,2085725
656a,Rurouni Kenshin: Meiji Kenkaku Romantan (2023),7.95,TV,24,Jul 2023 -,59657
657a,Tekkon Kinkreet,7.95,Movie,1,Dec 2006 - Dec 2006,107988
658a,Takarajima,7.94,TV,26,Oct 1978 - Apr 1979,19424
659a,Wotaku ni Koi wa Muzukashii,7.94,TV,11,Apr 2018 - Jun 2018,931938
660a,Wotaku ni Koi wa Muzukashii OVA,7.94,OVA,3,Mar 2019 - Oct 2021,194920
661a,Bishoujo Senshi Sailor Moon: Sailor Stars,7.94,TV,34,Mar 1996 - Feb 1997,109283
662a,Fate/Grand Order: Zettai Majuu Sensen Babylonia,7.94,TV,21,Oct 2019 - Mar 2020,266687
663a,Full Moon wo Sagashite,7.94,TV,52,Apr 2002 - Mar 2003,106722
664a,Hikaru no Go: Hokuto Hai e no Michi,7.94,Special,1,Jan 2004 - Jan 2004,23454
665a,Kidou Senshi Gundam Thunderbolt,7.94,ONA,4,Dec 2015 - Apr 2016,53352
666a,Kindaichi Shounen no Jikenbo,7.94,TV,148,Apr 1997 - Sep 2000,29475
667a,Macross F Movie 2: Sayonara no Tsubasa,7.94,Movie,1,Feb 2011 - Feb 2011,26867
668a,Macross: Do You Remember Love?,7.94,Movie,1,Jul 1984 - Jul 1984,46073
669a,Mawaru Penguindrum,7.94,TV,24,Jul 2011 - Dec 2011,293133
670a,Non Non Biyori,7.94,TV,12,Oct 2013 - Dec 2013,413237
671a,Nurarihyon no Mago: Sennen Makyou,7.94,TV,24,Jul 2011 - Dec 2011,159269
672a,One Piece Film: Strong World Episode 0,7.94,OVA,1,Apr 2010 - Apr 2010,81818
673a,Osomatsu-san,7.94,TV,25,Oct 2015 - Mar 2016,168419
674a,Phantom: Requiem for the Phantom,7.94,TV,26,Apr 2009 - Sep 2009,326707
675a,Kidou Senshi Gundam Thunderbolt: December Sky,7.93,Movie,1,Jun 2016 - Jun 2016,22324
676a,Kimi to Boku. 2,7.93,TV,13,Apr 2012 - Jun 2012,86494
677a,Kingdom,7.93,TV,38,Jun 2012 - Feb 2013,205126
678a,Kokoro Connect: Michi Random,7.93,Special,4,Nov 2012 - Dec 2012,254336
679a,Nekomonogatari: Kuro,7.93,TV,4,Dec 2012 - Dec 2012,537907
680a,Promare,7.93,Movie,1,May 2019 - May 2019,266821
681a,Usagi Drop Specials,7.93,Special,4,Oct 2011 - Jan 2012,69290
682a,xxxHOLiC Movie: Manatsu no Yoru no Yume,7.93,Movie,1,Aug 2005 - Aug 2005,64560
683a,Yowamushi Pedal,7.93,TV,38,Oct 2013 - Jul 2014,226536
684a,"Clannad: Mou Hitotsu no Sekai, Tomoyo-hen",7.93,Special,1,Jul 2008 - Jul 2008,299584
685a,Doupo Cangqiong 4th Season,7.93,ONA,24,Mar 2021 - Aug 2021,6268
686a,Fate/kaleid liner Prisma☆Illya Movie: Sekka no Chikai,7.93,Movie,1,Aug 2017 - Aug 2017,92525
687a,Full Metal Panic! The Second Raid,7.93,TV,13,Jul 2005 - Oct 2005,255692
688a,Gensou Mangekyou: The Memories of Phantasm,7.93,OVA,18,Aug 2011 - May 2023,2957
689a,Hanamonogatari,7.93,TV,5,Aug 2014 - Aug 2014,415634
690a,Hidamari Sketch x Honeycomb,7.93,TV,12,Oct 2012 - Dec 2012,22998
691a,Bleach,7.92,TV,366,Oct 2004 - Mar 2012,1865627
692a,Bungou Stray Dogs: Dead Apple,7.92,Movie,1,Mar 2018 - Mar 2018,258698
693a,Darker than Black: Kuro no Keiyakusha Gaiden,7.92,Special,4,Jan 2010 - Jul 2010,252247
694a,Doupo Cangqiong: Nian Fan,7.92,ONA,104,Jul 2022 -,5098
695a,Eyeshield 21,7.92,TV,145,Apr 2005 - Mar 2008,178109
696a,Gake no Ue no Ponyo,7.92,Movie,1,Jul 2008 - Jul 2008,545901
697a,Gochuumon wa Usagi desu ka? Bloom,7.92,TV,12,Oct 2020 - Dec 2020,60195
698a,"Komi-san wa, Comyushou desu.",7.92,TV,12,Oct 2021 - Dec 2021,817827
699a,Kono Oto Tomare!,7.92,TV,13,Apr 2019 - Jun 2019,285333
700a,Kuuchuu Buranko,7.92,TV,11,Oct 2009 - Dec 2009,90786
701a,Log Horizon,7.92,TV,25,Oct 2013 - Mar 2014,1084628
702a,Love Live! The School Idol Movie,7.92,Movie,1,Jun 2015 - Jun 2015,127505
703a,Overlord III,7.92,TV,13,Jul 2018 - Oct 2018,858308
704a,Tamako Love Story,7.92,Movie,1,Apr 2014 - Apr 2014,371171
705a,Touhai Densetsu Akagi: Yami ni Maiorita Tensai,7.92,TV,26,Oct 2005 - Mar 2006,99967
706a,Trigun: Badlands Rumble,7.92,Movie,1,Apr 2010 - Apr 2010,138019
707a,Vampire Hunter D (2000),7.91,Movie,1,Aug 2000 - Aug 2000,179797
708a,Yakitate!! Japan,7.91,TV,69,Oct 2004 - Mar 2006,95614
709a,Yuru Yuri San☆Hai!,7.91,TV,12,Oct 2015 - Dec 2015,121398
710a,Zetsuen no Tempest,7.91,TV,24,Oct 2012 - Mar 2013,583049
711a,City Hunter,7.91,TV,51,Apr 1987 - Mar 1988,76788
712a,Code Geass: Fukkatsu no Lelouch,7.91,Movie,1,Feb 2019 - Feb 2019,302091
713a,Detective Conan OVA 09: The Stranger in 10 Years...,7.91,OVA,1,Jun 2009 - Jun 2009,20594
714a,Final Fantasy VII: Advent Children Complete,7.91,OVA,1,Apr 2009 - Apr 2009,129664
715a,Hanasaku Iroha,7.91,TV,26,Apr 2011 - Sep 2011,324073
716a,Kaleido Star,7.91,TV,51,Apr 2003 - Mar 2004,83278
717a,Kidou Senshi Gundam: Suisei no Majo,7.91,TV,12,Oct 2022 - Jan 2023,127726
718a,Overlord,7.91,TV,13,Jul 2015 - Sep 2015,1517301
719a,Plastic Memories,7.91,TV,13,Apr 2015 - Jun 2015,907872
720a,Quanzhi Gaoshou 2,7.91,ONA,12,Sep 2020 - Dec 2020,113451
721a,SKET Dance: Imouto no Nayami ni Nayamu Ani ni Nayamu Imouto to Sono Nakama-tachi,7.91,OVA,1,Feb 2013 - Feb 2013,21299
722a,Kidou Senshi Zeta Gundam,7.90,TV,50,Mar 1985 - Feb 1986,71061
723a,Lupin III (2015),7.90,TV,24,Oct 2015 - Mar 2016,68677
724a,Macross,7.90,TV,36,Oct 1982 - Jun 1983,105405
725a,Mushoku Tensei: Isekai Ittara Honki Dasu - Eris no Goblin Toubatsu,7.90,Special,1,Mar 2022 - Mar 2022,137591
726a,One Piece Film: Gold,7.90,Movie,1,Jul 2016 - Jul 2016,201659
727a,Ore Monogatari!!,7.90,TV,24,Apr 2015 - Sep 2015,648765
728a,Sakigake!! Cromartie Koukou,7.90,TV,26,Oct 2003 - Mar 2004,134836
729a,Shirokuma Cafe,7.90,TV,50,Apr 2012 - Mar 2013,91842
730a,Ushio to Tora (TV) 2nd Season,7.90,TV,13,Apr 2016 - Jun 2016,128934
731a,Vanitas no Karte,7.90,TV,12,Jul 2021 - Sep 2021,488175
732a,Wu Liuqi: Anying Suming,7.90,ONA,10,Jan 2023 - Mar 2023,11561
733a,Yagate Kimi ni Naru,7.90,TV,13,Oct 2018 - Dec 2018,322673
734a,Yuri!!! on Ice,7.90,TV,12,Oct 2016 - Dec 2016,853063
735a,Zoku Sayonara Zetsubou Sensei,7.90,TV,13,Jan 2008 - Mar 2008,129443
736a,Boku no Hero Academia 4th Season,7.90,TV,25,Oct 2019 - Apr 2020,1640429
737a,Date A Live II: Kurumi Star Festival,7.90,OVA,1,Dec 2014 - Dec 2014,178739
738a,Drifters,7.90,TV,12,Oct 2016 - Dec 2016,545750
739a,Ergo Proxy,7.90,TV,23,Feb 2006 - Aug 2006,622541
740a,Gakuen Babysitters,7.90,TV,12,Jan 2018 - Mar 2018,320760
741a,Ginga Sengoku Gunyuuden Rai,7.90,TV,52,Apr 1994 - Mar 1995,15078
742a,Hidamari Sketch x ☆☆☆,7.90,TV,12,Jan 2010 - Mar 2010,27048
743a,Initial D Third Stage,7.90,Movie,1,Jan 2001 - Jan 2001,168929
744a,Jormungand: Perfect Order,7.90,TV,12,Oct 2012 - Dec 2012,185812
745a,Aria the Avvenire,7.89,Special,3,Sep 2015 - Sep 2015,26690
746a,Bishoujo Senshi Sailor Moon S,7.89,TV,38,Mar 1994 - Feb 1995,141930
747a,Boku no Hero Academia,7.89,TV,13,Apr 2016 - Jun 2016,2893580
748a,Death Billiards,7.89,Movie,1,Mar 2013 - Mar 2013,233284
749a,Densetsu Kyojin Ideon: Hatsudou-hen,7.89,Movie,1,Jul 1982 - Jul 1982,9528
750a,ef: A Tale of Memories.,7.89,TV,12,Oct 2007 - Dec 2007,250932
751a,Free! Eternal Summer: Kindan no All Hard!,7.89,Special,1,Mar 2015 - Mar 2015,91877
752a,Higurashi no Naku Koro ni,7.89,TV,26,Apr 2006 - Sep 2006,782551
753a,Ie Naki Ko Remy,7.89,TV,23,Sep 1996 - Mar 1997,19959
754a,JoJo no Kimyou na Bouken (TV),7.89,TV,26,Oct 2012 - Apr 2013,1579512
755a,Karigurashi no Arrietty,7.89,Movie,1,Jul 2010 - Jul 2010,331027
756a,Kotonoha no Niwa,7.89,Movie,1,May 2013 - May 2013,829575
757a,Macross F,7.89,TV,25,Apr 2008 - Sep 2008,143820
758a,"Natsu e no Tunnel, Sayonara no Deguchi",7.89,Movie,1,Sep 2022 - Sep 2022,79384
759a,Saiunkoku Monogatari,7.89,TV,39,Apr 2006 - Feb 2007,93335
760a,School Rumble,7.89,TV,26,Oct 2004 - Mar 2005,320867
761a,Tennis no Ouji-sama: Zenkoku Taikai-hen,7.89,OVA,13,Mar 2006 - Mar 2007,45271
762a,Tonikaku Kawaii,7.89,TV,12,Oct 2020 - Dec 2020,695728
763a,Tennis no Ouji-sama: Zenkoku Taikai-hen - Semifinal,7.88,OVA,6,Jun 2007 - Jan 2008,36378
764a,Terra e... (TV),7.88,TV,24,Apr 2007 - Sep 2007,60571
765a,Umibe no Étranger,7.88,Movie,1,Sep 2020 - Sep 2020,160255
766a,5-toubun no Hanayome Movie,7.88,Movie,1,May 2022 - May 2022,207745
767a,BanG Dream! Movie: Poppin' Dream!,7.88,Movie,1,Jan 2022 - Jan 2022,7719
768a,Cike Wu Liuqi,7.88,ONA,10,Apr 2018 - Jun 2018,91602
769a,Code Geass: Hangyaku no Lelouch I - Koudou,7.88,Movie,1,Oct 2017 - Oct 2017,96834
770a,Detective Conan Movie 02: The Fourteenth Target,7.88,Movie,1,Apr 1998 - Apr 1998,61585
771a,Ginga Eiyuu Densetsu: Waga Yuku wa Hoshi no Taikai,7.88,Movie,1,Feb 1988 - Feb 1988,37739
772a,Hoozuki no Reitetsu 2nd Season,7.88,TV,13,Oct 2017 - Dec 2017,45621
773a,Jigoku Shoujo Futakomori,7.88,TV,26,Oct 2006 - Apr 2007,157759
774a,Kami nomi zo Shiru Sekai II,7.88,TV,12,Apr 2011 - Jun 2011,381737
775a,Les Misérables: Shoujo Cosette,7.88,TV,52,Jan 2007 - Dec 2007,28227
776a,Megalo Box,7.88,TV,13,Apr 2018 - Jun 2018,491115
777a,One Piece: Episode of East Blue - Luffy to 4-nin no Nakama no Daibouken,7.88,Special,1,Aug 2017 - Aug 2017,38089
778a,Ookiku Furikabutte,7.88,TV,25,Apr 2007 - Sep 2007,98268
779a,Quanzhi Gaoshou,7.88,ONA,12,Apr 2017 - Jun 2017,358019
780a,Shijou Saikyou no Deshi Kenichi OVA,7.88,OVA,11,Mar 2012 - May 2014,55930
781a,Space☆Dandy,7.88,TV,13,Jan 2014 - Mar 2014,343202
782a,Kidou Senshi Gundam: Suisei no Majo - Prologue,7.87,Special,1,Jul 2022 - Jul 2022,37992
783a,Mahou Shoujo Lyrical Nanoha: The Movie 1st,7.87,Movie,1,Jan 2010 - Jan 2010,30558
784a,Mo Dao Zu Shi Q,7.87,ONA,30,Jul 2020 - Jan 2021,22603
785a,Ookami to Koushinryou II: Ookami to Kohakuiro no Yuuutsu,7.87,OVA,1,Apr 2009 - Apr 2009,164487
786a,Osomatsu-san Movie,7.87,Movie,1,Mar 2019 - Mar 2019,14534
787a,Sekaiichi Hatsukoi OVA,7.87,OVA,2,Mar 2011 - Sep 2011,69547
788a,Shingeki no Kyojin OVA,7.87,OVA,3,Dec 2013 - Aug 2014,443971
789a,Summer Ghost,7.87,Movie,1,Nov 2021 - Nov 2021,86071
790a,Top wo Nerae! Gunbuster,7.87,OVA,6,Oct 1988 - Jul 1989,121551
791a,Wan Sheng Jie,7.87,ONA,12,Apr 2020 - May 2020,23403
792a,Zan Sayonara Zetsubou Sensei,7.87,TV,13,Jul 2009 - Sep 2009,104829
793a,Berserk: Ougon Jidai-hen II - Doldrey Kouryaku,7.87,Movie,1,Jun 2012 - Jun 2012,204220
794a,Carnival Phantasm,7.87,OVA,12,Aug 2011 - Dec 2011,192042
795a,Carole & Tuesday,7.87,TV,24,Apr 2019 - Oct 2019,316465
796a,Cool Doji Danshi,7.87,TV,24,Oct 2022 - Mar 2023,77600
797a,Dance Dance Danseur,7.87,TV,11,Apr 2022 - Jun 2022,78166
798a,Detective Conan Movie 26: Kurogane no Submarine,7.87,Movie,1,Apr 2023 - Apr 2023,6526
799a,Golden Kamuy,7.87,TV,12,Apr 2018 - Jun 2018,364720
800a,Beelzebub,7.86,TV,60,Jan 2011 - Mar 2012,579898
801a,Heartcatch Precure!,7.86,TV,49,Feb 2010 - Jan 2011,30644
802a,High☆Speed! Movie: Free! Starting Days,7.86,Movie,1,Dec 2015 - Dec 2015,90302
803a,InuYasha,7.86,TV,167,Oct 2000 - Sep 2004,768135
804a,Lupin III vs. Detective Conan: The Movie,7.86,Movie,1,Dec 2013 - Dec 2013,31082
805a,Lupin the IIIrd: Chikemuri no Ishikawa Goemon,7.86,Movie,1,Feb 2017 - Feb 2017,38151
806a,Machikado Mazoku: 2-choume,7.86,TV,12,Apr 2022 - Jul 2022,62938
807a,Magic Kaito 1412,7.86,TV,24,Oct 2014 - Mar 2015,120051
808a,Musekinin Kanchou Tylor,7.86,TV,26,Jan 1993 - Jul 1993,47531
809a,One Piece 3D2Y: Ace no shi wo Koete! Luffy Nakama Tono Chikai,7.86,Special,1,Aug 2014 - Aug 2014,88244
810a,One Piece Film: Red,7.86,Movie,1,Aug 2022 - Aug 2022,135287
811a,Sayonara Zetsubou Sensei,7.86,TV,12,Jul 2007 - Sep 2007,336433
812a,Seitokai Yakuindomo* OVA,7.86,OVA,10,May 2014 - Sep 2020,77235
813a,Sekaiichi Hatsukoi Movie: Yokozawa Takafumi no Baai,7.86,Movie,1,Mar 2014 - Mar 2014,64890
814a,Tennis no Ouji-sama,7.86,TV,178,Oct 2001 - Mar 2005,178778
815a,Uma Musume: Pretty Derby - Road to the Top,7.86,ONA,4,Apr 2023 - May 2023,8847
816a,Yamada-kun to Lv999 no Koi wo Suru,7.86,TV,13,Apr 2023 - Jun 2023,280908
817a,Youkoso Jitsuryoku Shijou Shugi no Kyoushitsu e,7.86,TV,12,Jul 2017 - Sep 2017,1160588
818a,Tiger & Bunny,7.85,TV,25,Apr 2011 - Sep 2011,222169
819a,Tomo-chan wa Onnanoko!,7.85,TV,13,Jan 2023 - Mar 2023,318052
820a,Wan Sheng Jie 2,7.85,ONA,12,Oct 2020 - Dec 2020,10884
821a,Yuru Yuri Nachuyachumi!,7.85,OVA,1,Feb 2015 - Feb 2015,71768
822a,Crayon Shin-chan Movie 09: Arashi wo Yobu Mouretsu! Otona Teikoku no Gyakushuu,7.85,Movie,1,Apr 2001 - Apr 2001,9510
823a,Detective Conan Movie 01: The Timed Skyscraper,7.85,Movie,1,Apr 1997 - Apr 1997,69212
824a,Detective Conan Movie 22: Zero the Enforcer,7.85,Movie,1,Apr 2018 - Apr 2018,28890
825a,Detective Conan Movie 23: The Fist of Blue Sapphire,7.85,Movie,1,Apr 2019 - Apr 2019,27439
826a,Douluo Dalu,7.85,ONA,26,Jan 2018 - Jul 2018,26885
827a,Durarara!! Specials,7.85,Special,2,Aug 2010 - Feb 2011,165430
828a,Hoozuki no Reitetsu 2nd Season: Sono Ni,7.85,TV,13,Apr 2018 - Jul 2018,27935
829a,Hoozuki no Reitetsu OVA,7.85,OVA,4,Feb 2015 - Mar 2017,16971
830a,Hug tto! Precure,7.85,TV,49,Feb 2018 - Jan 2019,15632
831a,K-On!,7.85,TV,13,Apr 2009 - Jun 2009,1018142
832a,K-On!!: Keikaku!,7.85,Special,1,Mar 2011 - Mar 2011,122293
833a,New Initial D Movie: Legend 3 - Mugen,7.85,Movie,1,Feb 2016 - Feb 2016,25885
834a,Non Non Biyori Repeat: Hotaru ga Tanoshinda,7.85,OVA,1,Sep 2016 - Sep 2016,47683
835a,Noragami Aragoto OVA,7.85,OVA,2,Nov 2015 - Mar 2016,252655
836a,Paradise Kiss,7.85,TV,12,Oct 2005 - Dec 2005,215212
837a,Shingeki no Kyojin Movie 2: Jiyuu no Tsubasa,7.85,Movie,1,Jun 2015 - Jun 2015,122009
838a,Kono Subarashii Sekai ni Shukufuku wo! Kono Subarashii Choker ni Shukufuku wo!,7.84,OVA,1,Jun 2016 - Jun 2016,387474
839a,Magi: Sinbad no Bouken (TV),7.84,TV,13,Apr 2016 - Jul 2016,465305
840a,Michiko to Hatchin,7.84,TV,22,Oct 2008 - Mar 2009,194108
841a,Oniisama e...,7.84,TV,39,Jul 1991 - May 1992,44606
842a,Seihou Bukyou Outlaw Star,7.84,TV,24,Jan 1998 - Jun 1998,150889
843a,Sekaiichi Hatsukoi 2,7.84,TV,12,Oct 2011 - Dec 2011,153746
844a,Shen Yin Wangzuo 2nd Season,7.84,ONA,52,Nov 2022 -,2267
845a,Soul Eater,7.84,TV,51,Apr 2008 - Mar 2009,1569994
846a,Trigun Stampede,7.84,TV,12,Jan 2023 - Mar 2023,144343
847a,Uchouten Kazoku,7.84,TV,13,Jul 2013 - Sep 2013,163752
848a,Urusei Yatsura 2: Beautiful Dreamer,7.84,Movie,1,Feb 1984 - Feb 1984,18962
849a,Yume-iro Pâtissière,7.84,TV,50,Oct 2009 - Sep 2010,79421
850a,Yuusha-Ou GaoGaiGar,7.84,TV,49,Feb 1997 - Jan 1998,20852
851a,Ano Hi Mita Hana no Namae wo Bokutachi wa Mada Shiranai. Movie,7.84,Movie,1,Aug 2013 - Aug 2013,287181
852a,BanG Dream! Film Live 2nd Stage,7.84,Movie,1,Aug 2021 - Aug 2021,6352
853a,Beastars,7.84,TV,12,Oct 2019 - Dec 2019,813781
854a,Berserk: Ougon Jidai-hen - Memorial Edition,7.84,TV,13,Oct 2022 - Dec 2022,32977
855a,Grisaia no Meikyuu: Caprice no Mayu 0,7.84,Special,1,Apr 2015 - Apr 2015,224583
856a,Hanasaku Iroha Movie: Home Sweet Home,7.84,Movie,1,Mar 2013 - Mar 2013,88225
857a,Id:Invaded,7.84,TV,13,Jan 2020 - Mar 2020,346791
858a,Ie Naki Ko,7.84,TV,51,Oct 1977 - Oct 1978,14922
859a,Isekai Ojisan,7.84,TV,13,Jul 2022 - Mar 2023,302272
860a,Jibaku Shounen Hanako-kun,7.84,TV,12,Jan 2020 - Mar 2020,558285
861a,K-On!: Live House!,7.84,Special,1,Jan 2010 - Jan 2010,156382
862a,Kaleido Star: Legend of Phoenix - Layla Hamilton Monogatari,7.84,OVA,1,Dec 2005 - Dec 2005,14043
863a,91 Days,7.83,TV,12,Jul 2016 - Oct 2016,690517
864a,Break Blade Movie 4: Sanka no Chi,7.83,Movie,1,Oct 2010 - Oct 2010,57155
865a,Danshi Koukousei no Nichijou Specials,7.83,Special,6,Apr 2012 - Sep 2012,133218
866a,Gekkan Shoujo Nozaki-kun,7.83,TV,12,Jul 2014 - Sep 2014,898690
867a,Gungrave,7.83,TV,26,Oct 2003 - Mar 2004,184484
868a,Haikyuu!! Riku vs. Kuu,7.83,OVA,2,Jan 2020 - Jan 2020,283590
869a,Kara no Kyoukai Movie 4: Garan no Dou,7.83,Movie,1,May 2008 - May 2008,209263
870a,Planetarian: Hoshi no Hito,7.83,Movie,1,Sep 2016 - Sep 2016,46726
871a,Seitokai Yakuindomo Movie,7.83,Movie,1,Jul 2017 - Jul 2017,58012
872a,Shingeki no Kyojin Season 2 Movie: Kakusei no Houkou,7.83,Movie,1,Jan 2018 - Jan 2018,65551
873a,Suzumiya Haruhi no Yuuutsu,7.83,TV,14,Apr 2006 - Jul 2006,892234
874a,Tanaka-kun wa Itsumo Kedaruge,7.83,TV,12,Apr 2016 - Jun 2016,446339
875a,Tasogare Otome x Amnesia,7.83,TV,12,Apr 2012 - Jun 2012,390748
876a,Tentai Senshi Sunred 2nd Season,7.82,TV,26,Oct 2009 - Mar 2010,7882
877a,Working'!!,7.82,TV,13,Oct 2011 - Dec 2011,258530
878a,Yuru Yuri♪♪,7.82,TV,12,Jul 2012 - Sep 2012,181163
879a,Aoki Hagane no Arpeggio: Ars Nova Movie 2 - Cadenza,7.82,Movie,1,Oct 2015 - Oct 2015,30658
880a,Bungou Stray Dogs,7.82,TV,12,Apr 2016 - Jun 2016,1308332
881a,Capeta,7.82,TV,52,Oct 2005 - Sep 2006,26153
882a,Haikyuu!! (OVA),7.82,OVA,10,Mar 2020 - Mar 2020,30098
883a,Hidamari Sketch x 365,7.82,TV,13,Jul 2008 - Sep 2008,31294
884a,Kidou Senshi Gundam: Senkou no Hathaway,7.82,Movie,1,Jun 2021 - Jun 2021,33554
885a,Kobayashi-san Chi no Maid Dragon S: Nippon no Omotenashi - Attend wa Dragon desu,7.82,Special,1,Jan 2022 - Jan 2022,68187
886a,Kokoro ga Sakebitagatterunda.,7.82,Movie,1,Sep 2015 - Sep 2015,320751
887a,Otonari no Tenshi-sama ni Itsunomanika Dame Ningen ni Sareteita Ken,7.82,TV,12,Jan 2023 - Mar 2023,244691
888a,Seto no Hanayome OVA,7.82,OVA,2,Nov 2008 - Jan 2009,52372
889a,Somali to Mori no Kamisama,7.82,TV,12,Jan 2020 - Mar 2020,278311
890a,Kuroko no Basket Movie 3: Winter Cup - Tobira no Mukou,7.81,Movie,1,Dec 2016 - Dec 2016,39752
891a,Kuroko no Basket: Tip Off,7.81,Special,1,Feb 2013 - Feb 2013,101612
892a,Little Witch Academia (TV),7.81,TV,25,Jan 2017 - Jun 2017,620109
893a,Lupin III: The First,7.81,Movie,1,Dec 2019 - Dec 2019,30465
894a,Lupin the IIIrd: Jigen Daisuke no Bohyou,7.81,Movie,1,Jun 2014 - Jun 2014,27997
895a,Mahoujin Guruguru (2017),7.81,TV,24,Jul 2017 - Dec 2017,32195
896a,Mairimashita! Iruma-kun 3rd Season,7.81,TV,21,Oct 2022 - Mar 2023,164417
897a,Owarimonogatari 2nd Season Recaps,7.81,Special,2,Aug 2017 - Aug 2017,25154
898a,Princess Connect! Re:Dive Season 2,7.81,TV,12,Jan 2022 - Mar 2022,118674
899a,Shingeki no Kyojin: Lost Girls,7.81,OVA,3,Dec 2017 - Aug 2018,292903
900a,Slayers Try,7.81,TV,26,Apr 1997 - Sep 1997,53701
901a,Tamayura: Sotsugyou Shashin Part 3 - Akogare,7.81,Movie,1,Nov 2015 - Nov 2015,9531
902a,Tunshi Xingkong,7.81,ONA,26,Nov 2020 - May 2021,6253
903a,Wu Shan Wu Xing (2020),7.81,ONA,3,Jul 2020 - Aug 2020,51106
904a,Aggressive Retsuko (ONA) 3rd Season,7.81,ONA,10,Aug 2020 - Aug 2020,84910
905a,Akachan to Boku,7.81,TV,35,Jul 1996 - Mar 1997,22124
906a,Blue Period,7.81,TV,12,Oct 2021 - Dec 2021,429896
907a,Break Blade Movie 5: Shisen no Hate,7.81,Movie,1,Jan 2011 - Jan 2011,54905
908a,Detective Conan Movie 08: Time Travel of the Silver Sky,7.81,Special,1,Apr 2004 - Apr 2004,20986
909a,Eikoku Koi Monogatari Emma: Molders-hen,7.81,TV,12,Apr 2007 - Jul 2007,26269
910a,Enen no Shouboutai: Ni no Shou,7.81,TV,24,Jul 2020 - Dec 2020,719297
911a,Flanders no Inu (Movie),7.81,Movie,1,Mar 1997 - Mar 1997,21598
912a,Goku Sayonara Zetsubou Sensei,7.81,OVA,3,Oct 2008 - Feb 2009,63433
913a,Igano Kabamaru,7.81,TV,24,Oct 1983 - Mar 1984,10757
914a,Jungle wa Itsumo Hare nochi Guu,7.81,TV,26,Apr 2001 - Sep 2001,33463
915a,Baby Steps,7.80,TV,25,Apr 2014 - Sep 2014,144012
916a,Beastars 2nd Season,7.80,TV,12,Jan 2021 - Mar 2021,416781
917a,City Hunter 3,7.80,TV,13,Oct 1989 - Jan 1990,20607
918a,Detective Conan Movie 07: Crossroad in the Ancient Capital,7.80,Movie,1,Apr 2003 - Apr 2003,50105
919a,Doraemon (1979),7.80,TV,1787,Apr 1979 - Mar 2005,59979
920a,Go! Princess Precure,7.80,TV,50,Feb 2015 - Jan 2016,17151
921a,Hibike! Euphonium Movie 2: Todoketai Melody,7.80,Movie,1,Sep 2017 - Sep 2017,28449
922a,Hidamari Sketch x ☆☆☆ Specials,7.80,Special,2,Oct 2010 - Oct 2010,14642
923a,Inu-Ou,7.80,Movie,1,May 2022 - May 2022,22245
924a,InuYasha Movie 3: Tenka Hadou no Ken,7.80,Movie,1,Dec 2003 - Dec 2003,98760
925a,Jormungand,7.80,TV,12,Apr 2012 - Jun 2012,348592
926a,Little Witch Academia,7.80,Movie,1,Mar 2013 - Mar 2013,305652
927a,Lucky☆Star: Original na Visual to Animation,7.80,OVA,1,Sep 2008 - Sep 2008,130037
928a,Magi: Sinbad no Bouken,7.80,OVA,5,May 2014 - Jul 2015,130835
929a,Maria-sama ga Miteru 3rd,7.80,OVA,5,Dec 2006 - Jul 2007,22113
930a,Nodame Cantabile: Finale - Mine to Kiyora no Saikai,7.80,Special,1,Apr 2010 - Apr 2010,43239
931a,Ojamajo Doremi Na-i-sho,7.80,OVA,13,Jun 2004 - Dec 2004,10288
932a,Psycho-Pass 3: First Inspector,7.80,ONA,3,Mar 2020 - Mar 2020,89844
933a,Saint☆Oniisan (Movie),7.80,Movie,1,May 2013 - May 2013,93058
934a,Wolf's Rain,7.80,TV,26,Jan 2003 - Jul 2003,319967
935a,Taishou Otome Otogibanashi,7.79,TV,12,Oct 2021 - Dec 2021,130938
936a,The Last: Naruto the Movie,7.79,Movie,1,Dec 2014 - Dec 2014,579372
937a,There She Is!!,7.79,ONA,5,Apr 2003 - Dec 2008,24450
938a,Tokyo Ghoul,7.79,TV,12,Jul 2014 - Sep 2014,2708660
939a,Tunshi Xingkong 2nd Season,7.79,ONA,104,Dec 2021 -,4601
940a,Violet Evergarden CM,7.79,ONA,2,May 2016 - Mar 2017,4867
941a,Yuuki Yuuna wa Yuusha de Aru: Washio Sumi no Shou 2 - Tamashii,7.79,Movie,1,Apr 2017 - Apr 2017,14071
942a,Coquelicot-zaka kara,7.79,Movie,1,Jul 2011 - Jul 2011,191257
943a,Detective Conan Movie 09: Strategy Above the Depths,7.79,Movie,1,Apr 2005 - Apr 2005,48027
944a,Emiya-san Chi no Kyou no Gohan,7.79,ONA,13,Jan 2018 - Jan 2019,125806
945a,Fate/Grand Carnival,7.79,OVA,4,Dec 2020 - Oct 2021,50918
946a,Fate/Grand Order: Shuukyoku Tokuiten - Kani Jikan Shinden Solomon,7.79,Movie,1,Jul 2021 - Jul 2021,68587
947a,Innocence,7.79,Movie,1,Mar 2004 - Mar 2004,156970
948a,Kekkai Sensen & Beyond,7.79,TV,12,Oct 2017 - Dec 2017,420311
949a,Last Exile,7.79,TV,26,Apr 2003 - Sep 2003,170458
950a,New Initial D Movie: Legend 2 - Tousou,7.79,Movie,1,May 2015 - May 2015,28679
951a,Seikai no Senki II,7.79,TV,10,Jul 2001 - Sep 2001,23187
952a,Shadows House,7.79,TV,13,Apr 2021 - Jul 2021,231020
953a,Kara no Kyoukai Movie 2: Satsujin Kousatsu (Zen),7.78,Movie,1,Dec 2007 - Dec 2007,234156
954a,Kochira Katsushikaku Kameari Kouenmae Hashutsujo,7.78,TV,373,Jun 1996 - Dec 2004,17721
955a,Macross F Movie 1: Itsuwari no Utahime,7.78,Movie,1,Nov 2009 - Nov 2009,30296
956a,Magic Kaito,7.78,Special,12,Apr 2010 - Dec 2012,69820
957a,Mind Game,7.78,Movie,1,Aug 2004 - Aug 2004,82403
958a,New Initial D Movie: Legend 1 - Kakusei,7.78,Movie,1,Aug 2014 - Aug 2014,35735
959a,Saiyuuki Gaiden,7.78,OVA,3,Mar 2011 - Nov 2011,13367
960a,Seitokai Yakuindomo Movie 2,7.78,Movie,1,Jan 2021 - Jan 2021,30221
961a,Shin Kidou Senki Gundam Wing: Endless Waltz Special,7.78,Movie,1,Aug 1998 - Aug 1998,58363
962a,Star☆Twinkle Precure: Hoshi no Uta ni Omoi wo Komete,7.78,Movie,1,Oct 2019 - Oct 2019,3668
963a,Yi Nian Yong Heng,7.78,ONA,52,Aug 2020 - Jul 2021,14837
964a,Break Blade Movie 3: Kyoujin no Ato,7.78,Movie,1,Sep 2010 - Sep 2010,58320
965a,"Clannad: After Story - Mou Hitotsu no Sekai, Kyou-hen",7.78,Special,1,Jul 2009 - Jul 2009,258690
966a,Code Geass: Hangyaku no Lelouch R2 Special Edition - Zero Requiem,7.78,OVA,1,Jul 2009 - Jul 2009,47637
967a,Crayon Shin-chan,7.78,TV,?,Apr 1992 -,80134
968a,Date A Live IV,7.78,TV,12,Apr 2022 - Jun 2022,229913
969a,Detective Conan Movie 12: Full Score of Fear,7.78,Movie,1,Apr 2008 - Apr 2008,45687
970a,Digimon Adventure: Bokura no War Game!,7.78,Movie,1,Mar 2000 - Mar 2000,76152
971a,Giant Robo the Animation: Chikyuu ga Seishi Suru Hi,7.78,OVA,7,Jul 1992 - Jan 1998,25812
972a,Ginga Tetsudou 999,7.78,TV,113,Sep 1978 - Mar 1981,35761
973a,Gochuumon wa Usagi desu ka??,7.78,TV,12,Oct 2015 - Dec 2015,127017
974a,Gochuumon wa Usagi desu ka?? Dear My Sister,7.78,Movie,1,Nov 2017 - Nov 2017,40381
975a,Jin-Rou,7.78,Movie,1,Jun 2000 - Jun 2000,169374
976a,Jungle wa Itsumo Hare nochi Guu Deluxe,7.78,OVA,6,Aug 2002 - Jan 2003,12258
977a,Akage no Anne,7.77,TV,50,Jan 1979 - Dec 1979,31152
978a,Aria the Crepuscolo,7.77,Movie,1,Mar 2021 - Mar 2021,11426
979a,Digimon Adventure,7.77,TV,54,Mar 1999 - Mar 2000,390373
980a,Dragon Ball Z Special 2: Zetsubou e no Hankou!! Nokosareta Chousenshi - Gohan to Trunks,7.77,Special,1,Feb 1993 - Feb 1993,106111
981a,Hadashi no Gen,7.77,Movie,1,Jul 1983 - Jul 1983,50504
982a,"Haikyuu!! vs. ""Akaten""",7.77,OVA,1,May 2016 - May 2016,89428
983a,Heike Monogatari,7.77,TV,11,Jan 2022 - Mar 2022,74634
984a,Hidamari Sketch x SP,7.77,Special,2,Oct 2011 - Nov 2011,14500
985a,High Score Girl,7.77,TV,12,Jul 2018 - Sep 2018,248039
986a,Hoozuki no Reitetsu,7.77,TV,13,Jan 2014 - Apr 2014,127836
987a,Kidou Senshi Gundam,7.77,TV,43,Apr 1979 - Jan 1980,127398
988a,Kubikiri Cycle: Aoiro Savant to Zaregotozukai,7.77,OVA,8,Oct 2016 - Sep 2017,101602
989a,Kumichou Musume to Sewagakari,7.77,TV,12,Jul 2022 - Sep 2022,194463
990a,Love Live! School Idol Project 2nd Season,7.77,TV,13,Apr 2014 - Jun 2014,252297
991a,Lupin III: Part II,7.77,TV,155,Oct 1977 - Oct 1980,33521
992a,Lupin the Third: Mine Fujiko to Iu Onna,7.77,TV,13,Apr 2012 - Jun 2012,61347
993a,Saraiya Goyou,7.77,TV,12,Apr 2010 - Jul 2010,90063
994a,Sekaiichi Hatsukoi: Valentine-hen,7.77,Movie,1,Mar 2014 - Mar 2014,40454
995a,Sonny Boy,7.77,TV,12,Jul 2021 - Oct 2021,283189
996a,Wan Sheng Jie 3,7.77,ONA,12,Jan 2022 - Apr 2022,6480
997a,Yuru Yuri Nachuyachumi!+,7.77,Special,2,Aug 2015 - Sep 2015,53704
998a,Tamayura: Sotsugyou Shashin Part 2 - Hibiki,7.76,Movie,1,Aug 2015 - Aug 2015,9948
999a,Texhnolyze,7.76,TV,22,Apr 2003 - Sep 2003,240472
1000a,The Disappearance of Conan Edogawa: The Worst Two Days in History,7.76,Special,1,Dec 2014 - Dec 2014,12620
